,eventId,minute,second,teamId,x,y,expandedMinute,period,type,outcomeType,qualifiers,satisfiedEventsTypes,isTouch,playerId,endX,endY,blockedX,blockedY,goalMouthZ,goalMouthY,isShot,relatedEventId,relatedPlayerId,isGoal,cardType,isOwnGoal,match_id,eventType,cumulative_mins,index,id,home_team_id,away_team_id,ftScore,match_date,progressive_pass,xThreat,xThreat_gen,lead_to_shot,lead_to_goal,key_pass,isAssist,isCross,isCorner,isFreekick,isGoalkick,is_offensive,is_bigchance,is_penalty,is_own_goal,X,Y,EndX,EndY,BlockedX,BlockedY,GoalMouthY,isblocked,body,isShotonTarget,name,short_name,team_id,team_name,min,key,Outcome,xG,Player,Minute
0,36.0,2,4.0,37,89.3,39.9,2.0,1.0,MissedShots,Successful,"[{'type': {'value': 17, 'displayName': 'BoxCentre'}}, {'type': {'value': 15, 'displayName': 'Head'}}, {'type': {'value': 103, 'displayName': 'GoalMouthZ'}, 'value': '8.3'}, {'type': {'value': 56, 'displayName': 'Zone'}, 'value': 'Center'}, {'type': {'value': 154, 'displayName': 'IntentionalAssist'}}, {'type': {'value': 29, 'displayName': 'Assisted'}}, {'type': {'value': 146, 'displayName': 'BlockedX'}, 'value': '92.0'}, {'type': {'value': 102, 'displayName': 'GoalMouthY'}, 'value': '76.8'}, {'type': {'value': 55, 'displayName': 'RelatedEventId'}, 'value': '35'}, {'type': {'value': 25, 'displayName': 'FromCorner'}}, {'type': {'value': 147, 'displayName': 'BlockedY'}, 'value': '50.2'}, {'type': {'value': 73, 'displayName': 'MissLeft'}}]","[91, 7, 90, 10, 1, 5, 14]",True,115519.0,,,92.0,50.2,8.3,76.8,True,35.0,283323.0,,,0.0,1743445,MissedShots,2.066666666666667,48.0,2602287901.0,37.0,50.0,3-0,08 October 2023,,,,,,False,,False,,,,,,,False,107.16,31.92,,,110.39999999999999,40.160000000000004,61.44,,head,False,Leon Goretzka,L.Goretzka,37,Bayern,3,289.339.9,Miss,0.01927516609430313,Leon Goretzka,3
1,62.0,5,43.0,50,85.3,29.1,5.0,1.0,MissedShots,Successful,"[{'type': {'value': 20, 'displayName': 'RightFoot'}}, {'type': {'value': 63, 'displayName': 'BoxRight'}}, {'type': {'value': 29, 'displayName': 'Assisted'}}, {'type': {'value': 103, 'displayName': 'GoalMouthZ'}, 'value': '41.7'}, {'type': {'value': 55, 'displayName': 'RelatedEventId'}, 'value': '60'}, {'type': {'value': 22, 'displayName': 'RegularPlay'}}, {'type': {'value': 56, 'displayName': 'Zone'}, 'value': 'Center'}, {'type': {'value': 154, 'displayName': 'IntentionalAssist'}}, {'type': {'value': 81, 'displayName': 'HighRight'}}, {'type': {'value': 102, 'displayName': 'GoalMouthY'}, 'value': '36.8'}]","[91, 7, 90, 10, 1, 3, 12]",True,227655.0,,,,,41.7,36.8,True,60.0,243889.0,,,0.0,1743445,MissedShots,5.716666666666667,124.0,2602292631.0,37.0,50.0,3-0,08 October 2023,,,,,,False,,False,,,,,,,False,102.36,23.28,,,,,29.439999999999998,,foot_right,False,Lucas Höler,L.Höler,50,Freiburg,6,585.329.1,Miss,0.03816809505224228,Lucas Höler,6
2,123.0,8,43.0,37,87.6,62.4,8.0,1.0,MissedShots,Successful,"[{'type': {'value': 17, 'displayName': 'BoxCentre'}}, {'type': {'value': 56, 'displayName': 'Zone'}, 'value': 'Center'}, {'type': {'value': 102, 'displayName': 'GoalMouthY'}, 'value': '38.8'}, {'type': {'value': 81, 'displayName': 'HighRight'}}, {'type': {'value': 72, 'displayName': 'LeftFoot'}}, {'type': {'value': 103, 'displayName': 'GoalMouthZ'}, 'value': '56.9'}, {'type': {'value': 22, 'displayName': 'RegularPlay'}}]","[91, 7, 90, 10, 1, 3, 13]",True,320040.0,,,,,56.9,38.8,True,,,,,0.0,1743445,MissedShots,8.716666666666667,198.0,2602296661.0,37.0,50.0,3-0,08 October 2023,,,,,,False,,False,,,,,,,False,105.11999999999999,49.92,,,,,31.04,,foot_left,False,Alphonso Davies,A.Davies,37,Bayern,9,887.662.4,Miss,0.11053771525621414,Alphonso Davies,9
3,164.0,11,41.0,37,84.0,5.9,11.0,1.0,Goal,Successful,"[{'type': {'value': 55, 'displayName': 'RelatedEventId'}, 'value': '163'}, {'type': {'value': 22, 'displayName': 'RegularPlay'}}, {'type': {'value': 20, 'displayName': 'RightFoot'}}, {'type': {'value': 103, 'displayName': 'GoalMouthZ'}, 'value': '11.4'}, {'type': {'value': 56, 'displayName': 'Zone'}, 'value': 'Right'}, {'type': {'value': 76, 'displayName': 'LowLeft'}}, {'type': {'value': 66, 'displayName': 'OutOfBoxDeepRight'}}, {'type': {'value': 102, 'displayName': 'GoalMouthY'}, 'value': '52.6'}, {'type': {'value': 29, 'displayName': 'Assisted'}}]","[91, 24, 9, 10, 2, 3, 12, 18, 19, 25]",True,125883.0,,,,,11.4,52.6,True,163.0,37099.0,True,,0.0,1743445,Goal,11.683333333333334,247.0,2602300875.0,37.0,50.0,3-0,08 October 2023,,,,,,False,,False,,,,,,,False,100.8,4.720000000000001,,,,,42.080000000000005,,foot_right,False,Kingsley Coman,K.Coman,37,Bayern,12,1184.05.9,Goal,0.009039001539349556,Kingsley Coman,12
4,233.0,18,28.0,37,76.7,33.7,18.0,1.0,MissedShots,Successful,"[{'type': {'value': 56, 'displayName': 'Zone'}, 'value': 'Center'}, {'type': {'value': 102, 'displayName': 'GoalMouthY'}, 'value': '58.8'}, {'type': {'value': 29, 'displayName': 'Assisted'}}, {'type': {'value': 22, 'displayName': 'RegularPlay'}}, {'type': {'value': 20, 'displayName': 'RightFoot'}}, {'type': {'value': 18, 'displayName': 'OutOfBoxCentre'}}, {'type': {'value': 55, 'displayName': 'RelatedEventId'}, 'value': '232'}, {'type': {'value': 103, 'displayName': 'GoalMouthZ'}, 'value': '4.2'}]","[91, 7, 10, 88, 2, 3, 12]",True,83532.0,,,,,4.2,58.8,True,232.0,144711.0,,,0.0,1743445,MissedShots,18.466666666666665,336.0,2602309471.0,37.0,50.0,3-0,08 October 2023,,,,,,False,,False,,,,,,,False,92.04,26.960000000000004,,,,,47.04,,foot_right,False,Harry Kane,H.Kane,37,Bayern,19,1876.733.7,Miss,0.031544238328933716,Harry Kane,19
5,281.0,21,45.0,37,84.7,39.3,21.0,1.0,MissedShots,Successful,"[{'type': {'value': 56, 'displayName': 'Zone'}, 'value': 'Center'}, {'type': {'value': 102, 'displayName': 'GoalMouthY'}, 'value': '59.0'}, {'type': {'value': 22, 'displayName': 'RegularPlay'}}, {'type': {'value': 29, 'displayName': 'Assisted'}}, {'type': {'value': 20, 'displayName': 'RightFoot'}}, {'type': {'value': 55, 'displayName': 'RelatedEventId'}, 'value': '279'}, {'type': {'value': 17, 'displayName': 'BoxCentre'}}, {'type': {'value': 103, 'displayName': 'GoalMouthZ'}, 'value': '4.2'}]","[91, 7, 90, 10, 88, 1, 3, 12]",True,83532.0,,,,,4.2,59.0,True,279.0,349932.0,,,0.0,1743445,MissedShots,21.75,405.0,2602313217.0,37.0,50.0,3-0,08 October 2023,,,,,,False,,False,,,,,,,False,101.64,31.439999999999998,,,,,47.2,,foot_right,False,Harry Kane,H.Kane,37,Bayern,22,2184.739.3,Miss,0.07227965444326401,Harry Kane,22
6,319.0,24,41.0,37,96.1,50.4,24.0,1.0,Goal,Successful,"[{'type': {'value': 72, 'displayName': 'LeftFoot'}}, {'type': {'value': 22, 'displayName': 'RegularPlay'}}, {'type': {'value': 102, 'displayName': 'GoalMouthY'}, 'value': '50.6'}, {'type': {'value': 16, 'displayName': 'SmallBoxCentre'}}, {'type': {'value': 154, 'displayName': 'IntentionalAssist'}}, {'type': {'value': 55, 'displayName': 'RelatedEventId'}, 'value': '318'}, {'type': {'value': 56, 'displayName': 'Zone'}, 'value': 'Center'}, {'type': {'value': 103, 'displayName': 'GoalMouthZ'}, 'value': '3.8'}, {'type': {'value': 78, 'displayName': 'LowCentre'}}, {'type': {'value': 214, 'displayName': 'BigChance'}}, {'type': {'value': 29, 'displayName': 'Assisted'}}]","[91, 24, 9, 10, 202, 0, 3, 13, 16, 19, 26]",True,144711.0,,,,,3.8,50.6,True,318.0,83532.0,True,,0.0,1743445,Goal,24.683333333333334,457.0,2602316601.0,37.0,50.0,3-0,08 October 2023,,,,,,False,,False,,,,,True,,False,115.32,40.32,,,,,40.480000000000004,,foot_left,False,Leroy Sané,L.Sané,37,Bayern,25,2496.150.4,Goal,0.8061285018920898,Leroy Sané,25
7,394.0,30,30.0,37,92.0,39.8,30.0,1.0,SavedShot,Successful,"[{'type': {'value': 154, 'displayName': 'IntentionalAssist'}}, {'type': {'value': 78, 'displayName': 'LowCentre'}}, {'type': {'value': 233, 'displayName': 'OppositeRelatedEvent'}, 'value': '305'}, {'type': {'value': 103, 'displayName': 'GoalMouthZ'}, 'value': '19'}, {'type': {'value': 82, 'displayName': 'Blocked'}}, {'type': {'value': 146, 'displayName': 'BlockedX'}, 'value': '93.7'}, {'type': {'value': 22, 'displayName': 'RegularPlay'}}, {'type': {'value': 56, 'displayName': 'Zone'}, 'value': 'Center'}, {'type': {'value': 17, 'displayName': 'BoxCentre'}}, {'type': {'value': 147, 'displayName': 'BlockedY'}, 'value': '41.7'}, {'type': {'value': 72, 'displayName': 'LeftFoot'}}, {'type': {'value': 102, 'displayName': 'GoalMouthY'}, 'value': '48.8'}, {'type': {'value': 55, 'displayName': 'RelatedEventId'}, 'value': '393'}, {'type': {'value': 29, 'displayName': 'Assisted'}}]","[91, 10, 1, 3, 11, 13]",True,144711.0,,,93.7,41.7,19.0,48.8,True,393.0,125883.0,,,0.0,1743445,SavedShot,30.5,584.0,2602322095.0,37.0,50.0,3-0,08 October 2023,,,,,,False,,False,,,,,,,False,110.39999999999999,31.84,,,112.44,33.36000000000001,39.04,True,foot_left,True,Leroy Sané,L.Sané,37,Bayern,31,3092.039.8,AttemptSaved,0.08432872593402863,Leroy Sané,31
8,430.0,34,18.0,37,72.8,49.2,34.0,1.0,MissedShots,Successful,"[{'type': {'value': 102, 'displayName': 'GoalMouthY'}, 'value': '43.0'}, {'type': {'value': 18, 'displayName': 'OutOfBoxCentre'}}, {'type': {'value': 81, 'displayName': 'HighRight'}}, {'type': {'value': 103, 'displayName': 'GoalMouthZ'}, 'value': '69.4'}, {'type': {'value': 56, 'displayName': 'Zone'}, 'value': 'Center'}, {'type': {'value': 55, 'displayName': 'RelatedEventId'}, 'value': '429'}, {'type': {'value': 20, 'displayName': 'RightFoot'}}, {'type': {'value': 22, 'displayName': 'RegularPlay'}}, {'type': {'value': 29, 'displayName': 'Assisted'}}]","[91, 7, 10, 2, 3, 12]",True,283323.0,,,,,69.4,43.0,True,429.0,144711.0,,,0.0,1743445,MissedShots,34.3,637.0,2602326733.0,37.0,50.0,3-0,08 October 2023,,,,,,False,,False,,,,,,,False,87.36,39.36000000000001,,,,,34.4,,foot_right,False,Joshua Kimmich,J.Kimmich,37,Bayern,35,3472.849.2,Miss,0.019571755081415176,Joshua Kimmich,35
9,482.0,39,57.0,37,84.6,52.2,39.0,1.0,SavedShot,Successful,"[{'type': {'value': 103, 'displayName': 'GoalMouthZ'}, 'value': '19'}, {'type': {'value': 78, 'displayName': 'LowCentre'}}, {'type': {'value': 82, 'displayName': 'Blocked'}}, {'type': {'value': 147, 'displayName': 'BlockedY'}, 'value': '52.0'}, {'type': {'value': 55, 'displayName': 'RelatedEventId'}, 'value': '481'}, {'type': {'value': 56, 'displayName': 'Zone'}, 'value': 'Center'}, {'type': {'value': 233, 'displayName': 'OppositeRelatedEvent'}, 'value': '293'}, {'type': {'value': 17, 'displayName': 'BoxCentre'}}, {'type': {'value': 29, 'displayName': 'Assisted'}}, {'type': {'value': 102, 'displayName': 'GoalMouthY'}, 'value': '51.5'}, {'type': {'value': 146, 'displayName': 'BlockedX'}, 'value': '89.0'}, {'type': {'value': 22, 'displayName': 'RegularPlay'}}, {'type': {'value': 20, 'displayName': 'RightFoot'}}]","[91, 10, 1, 3, 11, 12]",True,83532.0,,,89.0,52.0,19.0,51.5,True,481.0,115519.0,,,0.0,1743445,SavedShot,39.95,729.0,2602334517.0,37.0,50.0,3-0,08 October 2023,,,,,,False,,False,,,,,,,False,101.52,41.760000000000005,,,106.8,41.6,41.2,True,foot_right,True,Harry Kane,H.Kane,37,Bayern,40,3984.652.2,AttemptSaved,0.10312692075967789,Harry Kane,40
10,703.0,54,55.0,37,74.8,45.8,58.0,2.0,SavedShot,Successful,"[{'type': {'value': 233, 'displayName': 'OppositeRelatedEvent'}, 'value': '440'}, {'type': {'value': 102, 'displayName': 'GoalMouthY'}, 'value': '49.2'}, {'type': {'value': 55, 'displayName': 'RelatedEventId'}, 'value': '702'}, {'type': {'value': 22, 'displayName': 'RegularPlay'}}, {'type': {'value': 146, 'displayName': 'BlockedX'}, 'value': '85.8'}, {'type': {'value': 82, 'displayName': 'Blocked'}}, {'type': {'value': 56, 'displayName': 'Zone'}, 'value': 'Center'}, {'type': {'value': 29, 'displayName': 'Assisted'}}, {'type': {'value': 103, 'displayName': 'GoalMouthZ'}, 'value': '19'}, {'type': {'value': 78, 'displayName': 'LowCentre'}}, {'type': {'value': 18, 'displayName': 'OutOfBoxCentre'}}, {'type': {'value': 20, 'displayName': 'RightFoot'}}, {'type': {'value': 147, 'displayName': 'BlockedY'}, 'value': '47.3'}]","[91, 10, 2, 3, 11, 12]",True,37099.0,,,85.8,47.3,19.0,49.2,True,702.0,283323.0,,,0.0,1743445,SavedShot,57.916666666666664,1067.0,2602376223.0,37.0,50.0,3-0,08 October 2023,,,,,,False,,False,,,,,,,False,89.75999999999999,36.64,,,102.96,37.839999999999996,39.36000000000001,True,foot_right,True,Thomas Müller,T.Müller,37,Bayern,55,5474.845.8,AttemptSaved,0.04084610939025879,Thomas Müller,55
11,734.0,56,51.0,37,89.2,52.9,60.0,2.0,MissedShots,Successful,"[{'type': {'value': 29, 'displayName': 'Assisted'}}, {'type': {'value': 102, 'displayName': 'GoalMouthY'}, 'value': '64.4'}, {'type': {'value': 55, 'displayName': 'RelatedEventId'}, 'value': '733'}, {'type': {'value': 22, 'displayName': 'RegularPlay'}}, {'type': {'value': 73, 'displayName': 'MissLeft'}}, {'type': {'value': 154, 'displayName': 'IntentionalAssist'}}, {'type': {'value': 103, 'displayName': 'GoalMouthZ'}, 'value': '11.1'}, {'type': {'value': 20, 'displayName': 'RightFoot'}}, {'type': {'value': 17, 'displayName': 'BoxCentre'}}, {'type': {'value': 56, 'displayName': 'Zone'}, 'value': 'Center'}]","[91, 7, 90, 10, 1, 3, 12]",True,37099.0,,,,,11.1,64.4,True,733.0,83532.0,,,0.0,1743445,MissedShots,59.85,1106.0,2602379287.0,37.0,50.0,3-0,08 October 2023,,,,,,False,,False,,,,,,,False,107.04,42.32,,,,,51.52000000000001,,foot_right,False,Thomas Müller,T.Müller,37,Bayern,57,5689.252.9,Miss,0.15266433358192444,Thomas Müller,57
12,755.0,58,37.0,37,89.7,28.0,62.0,2.0,SavedShot,Successful,"[{'type': {'value': 82, 'displayName': 'Blocked'}}, {'type': {'value': 233, 'displayName': 'OppositeRelatedEvent'}, 'value': '468'}, {'type': {'value': 29, 'displayName': 'Assisted'}}, {'type': {'value': 103, 'displayName': 'GoalMouthZ'}, 'value': '19'}, {'type': {'value': 56, 'displayName': 'Zone'}, 'value': 'Center'}, {'type': {'value': 55, 'displayName': 'RelatedEventId'}, 'value': '754'}, {'type': {'value': 78, 'displayName': 'LowCentre'}}, {'type': {'value': 146, 'displayName': 'BlockedX'}, 'value': '91.1'}, {'type': {'value': 63, 'displayName': 'BoxRight'}}, {'type': {'value': 22, 'displayName': 'RegularPlay'}}, {'type': {'value': 102, 'displayName': 'GoalMouthY'}, 'value': '51.8'}, {'type': {'value': 20, 'displayName': 'RightFoot'}}, {'type': {'value': 147, 'displayName': 'BlockedY'}, 'value': '31.2'}]","[91, 10, 1, 3, 11, 12]",True,125883.0,,,91.1,31.2,19.0,51.8,True,754.0,283323.0,,,0.0,1743445,SavedShot,61.61666666666667,1139.0,2602381801.0,37.0,50.0,3-0,08 October 2023,,,,,,False,,False,,,,,,,False,107.64,22.400000000000002,,,109.32,24.96,41.44,True,foot_right,True,Kingsley Coman,K.Coman,37,Bayern,59,5889.728.0,AttemptSaved,0.017537839710712433,Kingsley Coman,59
13,791.0,62,8.0,37,78.8,67.9,66.0,2.0,SavedShot,Successful,"[{'type': {'value': 29, 'displayName': 'Assisted'}}, {'type': {'value': 22, 'displayName': 'RegularPlay'}}, {'type': {'value': 233, 'displayName': 'OppositeRelatedEvent'}, 'value': '481'}, {'type': {'value': 18, 'displayName': 'OutOfBoxCentre'}}, {'type': {'value': 55, 'displayName': 'RelatedEventId'}, 'value': '790'}, {'type': {'value': 82, 'displayName': 'Blocked'}}, {'type': {'value': 102, 'displayName': 'GoalMouthY'}, 'value': '50.4'}, {'type': {'value': 147, 'displayName': 'BlockedY'}, 'value': '61.4'}, {'type': {'value': 103, 'displayName': 'GoalMouthZ'}, 'value': '19'}, {'type': {'value': 20, 'displayName': 'RightFoot'}}, {'type': {'value': 146, 'displayName': 'BlockedX'}, 'value': '86.7'}, {'type': {'value': 78, 'displayName': 'LowCentre'}}, {'type': {'value': 56, 'displayName': 'Zone'}, 'value': 'Center'}]","[91, 10, 2, 3, 11, 12]",True,320040.0,,,86.7,61.4,19.0,50.4,True,790.0,370912.0,,,0.0,1743445,SavedShot,65.13333333333333,1185.0,2602386219.0,37.0,50.0,3-0,08 October 2023,,,,,,False,,False,,,,,,,False,94.55999999999999,54.32000000000001,,,104.04,49.120000000000005,40.32,True,foot_right,True,Alphonso Davies,A.Davies,37,Bayern,63,6278.867.9,AttemptSaved,0.021258557215332985,Alphonso Davies,63
14,810.0,63,39.0,37,87.4,62.2,67.0,2.0,SavedShot,Successful,"[{'type': {'value': 154, 'displayName': 'IntentionalAssist'}}, {'type': {'value': 20, 'displayName': 'RightFoot'}}, {'type': {'value': 76, 'displayName': 'LowLeft'}}, {'type': {'value': 102, 'displayName': 'GoalMouthY'}, 'value': '53.2'}, {'type': {'value': 22, 'displayName': 'RegularPlay'}}, {'type': {'value': 17, 'displayName': 'BoxCentre'}}, {'type': {'value': 29, 'displayName': 'Assisted'}}, {'type': {'value': 56, 'displayName': 'Zone'}, 'value': 'Center'}, {'type': {'value': 82, 'displayName': 'Blocked'}}, {'type': {'value': 146, 'displayName': 'BlockedX'}, 'value': '90.8'}, {'type': {'value': 55, 'displayName': 'RelatedEventId'}, 'value': '809'}, {'type': {'value': 103, 'displayName': 'GoalMouthZ'}, 'value': '19'}, {'type': {'value': 147, 'displayName': 'BlockedY'}, 'value': '59.8'}]","[91, 10, 1, 3, 11, 12]",True,83532.0,,,90.8,59.8,19.0,53.2,True,809.0,125883.0,,,0.0,1743445,SavedShot,66.65,1209.0,2602387797.0,37.0,50.0,3-0,08 October 2023,,,,,,False,,False,,,,,,,False,104.88000000000001,49.760000000000005,,,108.96,47.84,42.56,True,foot_right,False,Harry Kane,H.Kane,37,Bayern,64,6387.462.2,AttemptSaved,0.07138349115848541,Harry Kane,64
15,865.0,67,5.0,37,85.5,28.0,71.0,2.0,MissedShots,Successful,"[{'type': {'value': 29, 'displayName': 'Assisted'}}, {'type': {'value': 102, 'displayName': 'GoalMouthY'}, 'value': '52.3'}, {'type': {'value': 56, 'displayName': 'Zone'}, 'value': 'Center'}, {'type': {'value': 103, 'displayName': 'GoalMouthZ'}, 'value': '54.2'}, {'type': {'value': 55, 'displayName': 'RelatedEventId'}, 'value': '864'}, {'type': {'value': 63, 'displayName': 'BoxRight'}}, {'type': {'value': 22, 'displayName': 'RegularPlay'}}, {'type': {'value': 72, 'displayName': 'LeftFoot'}}]","[91, 7, 90, 10, 85, 1, 3, 13]",True,125883.0,,,,,54.2,52.3,True,864.0,283323.0,,,0.0,1743445,MissedShots,70.08333333333333,1282.0,2602390915.0,37.0,50.0,3-0,08 October 2023,,,,,,False,,False,,,,,,,False,102.6,22.400000000000002,,,,,41.84,,foot_left,False,Kingsley Coman,K.Coman,37,Bayern,68,6785.528.0,Miss,0.047676797956228256,Kingsley Coman,68
16,872.0,68,23.0,37,94.8,51.2,72.0,2.0,SavedShot,Successful,"[{'type': {'value': 147, 'displayName': 'BlockedY'}, 'value': '50.9'}, {'type': {'value': 154, 'displayName': 'IntentionalAssist'}}, {'type': {'value': 233, 'displayName': 'OppositeRelatedEvent'}, 'value': '523'}, {'type': {'value': 103, 'displayName': 'GoalMouthZ'}, 'value': '19'}, {'type': {'value': 55, 'displayName': 'RelatedEventId'}, 'value': '871'}, {'type': {'value': 16, 'displayName': 'SmallBoxCentre'}}, {'type': {'value': 72, 'displayName': 'LeftFoot'}}, {'type': {'value': 100, 'displayName': 'SixYardBlock'}}, {'type': {'value': 29, 'displayName': 'Assisted'}}, {'type': {'value': 146, 'displayName': 'BlockedX'}, 'value': '96.3'}, {'type': {'value': 82, 'displayName': 'Blocked'}}, {'type': {'value': 22, 'displayName': 'RegularPlay'}}, {'type': {'value': 78, 'displayName': 'LowCentre'}}, {'type': {'value': 56, 'displayName': 'Zone'}, 'value': 'Center'}, {'type': {'value': 102, 'displayName': 'GoalMouthY'}, 'value': '50.2'}]","[91, 10, 140, 0, 3, 11, 13]",True,125883.0,,,96.3,50.9,19.0,50.2,True,871.0,144711.0,,,0.0,1743445,SavedShot,71.38333333333334,1296.0,2602391961.0,37.0,50.0,3-0,08 October 2023,,,,,,False,,False,,,,,,,False,113.75999999999999,40.96000000000001,,,115.55999999999999,40.72,40.160000000000004,True,foot_left,True,Kingsley Coman,K.Coman,37,Bayern,69,6894.851.2,AttemptSaved,0.2816578447818756,Kingsley Coman,69
17,899.0,70,5.0,37,88.3,41.9,74.0,2.0,SavedShot,Successful,"[{'type': {'value': 55, 'displayName': 'RelatedEventId'}, 'value': '898'}, {'type': {'value': 103, 'displayName': 'GoalMouthZ'}, 'value': '3.8'}, {'type': {'value': 56, 'displayName': 'Zone'}, 'value': 'Center'}, {'type': {'value': 147, 'displayName': 'BlockedY'}, 'value': '48.9'}, {'type': {'value': 154, 'displayName': 'IntentionalAssist'}}, {'type': {'value': 102, 'displayName': 'GoalMouthY'}, 'value': '46.9'}, {'type': {'value': 233, 'displayName': 'OppositeRelatedEvent'}, 'value': '529'}, {'type': {'value': 22, 'displayName': 'RegularPlay'}}, {'type': {'value': 29, 'displayName': 'Assisted'}}, {'type': {'value': 20, 'displayName': 'RightFoot'}}, {'type': {'value': 146, 'displayName': 'BlockedX'}, 'value': '98.8'}, {'type': {'value': 80, 'displayName': 'LowRight'}}, {'type': {'value': 17, 'displayName': 'BoxCentre'}}]","[91, 9, 10, 1, 3, 12]",True,125883.0,,,98.8,48.9,3.8,46.9,True,898.0,144711.0,,,0.0,1743445,SavedShot,73.08333333333333,1327.0,2602393369.0,37.0,50.0,3-0,08 October 2023,,,,,,False,,False,,,,,,,False,105.96,33.52,,,118.55999999999999,39.120000000000005,37.52,,foot_right,True,Kingsley Coman,K.Coman,37,Bayern,71,7088.341.9,AttemptSaved,0.11728006601333618,Kingsley Coman,71
18,950.0,74,14.0,37,84.4,45.1,78.0,2.0,SavedShot,Successful,"[{'type': {'value': 147, 'displayName': 'BlockedY'}, 'value': '45.8'}, {'type': {'value': 55, 'displayName': 'RelatedEventId'}, 'value': '948'}, {'type': {'value': 22, 'displayName': 'RegularPlay'}}, {'type': {'value': 102, 'displayName': 'GoalMouthY'}, 'value': '48.1'}, {'type': {'value': 72, 'displayName': 'LeftFoot'}}, {'type': {'value': 82, 'displayName': 'Blocked'}}, {'type': {'value': 233, 'displayName': 'OppositeRelatedEvent'}, 'value': '549'}, {'type': {'value': 103, 'displayName': 'GoalMouthZ'}, 'value': '19'}, {'type': {'value': 29, 'displayName': 'Assisted'}}, {'type': {'value': 80, 'displayName': 'LowRight'}}, {'type': {'value': 56, 'displayName': 'Zone'}, 'value': 'Center'}, {'type': {'value': 17, 'displayName': 'BoxCentre'}}, {'type': {'value': 146, 'displayName': 'BlockedX'}, 'value': '88.2'}]","[91, 10, 1, 3, 11, 13]",True,144711.0,,,88.2,45.8,19.0,48.1,True,948.0,125883.0,,,0.0,1743445,SavedShot,77.23333333333333,1394.0,2602396587.0,37.0,50.0,3-0,08 October 2023,,,,,,False,,False,,,,,,,False,101.28,36.080000000000005,,,105.84,36.64,38.480000000000004,True,foot_left,True,Leroy Sané,L.Sané,37,Bayern,75,7484.445.1,AttemptSaved,0.102382592856884,Leroy Sané,75
19,1053.0,82,22.0,37,82.7,46.5,86.0,2.0,SavedShot,Successful,"[{'type': {'value': 103, 'displayName': 'GoalMouthZ'}, 'value': '5.7'}, {'type': {'value': 56, 'displayName': 'Zone'}, 'value': 'Center'}, {'type': {'value': 233, 'displayName': 'OppositeRelatedEvent'}, 'value': '608'}, {'type': {'value': 55, 'displayName': 'RelatedEventId'}, 'value': '1052'}, {'type': {'value': 80, 'displayName': 'LowRight'}}, {'type': {'value': 29, 'displayName': 'Assisted'}}, {'type': {'value': 154, 'displayName': 'IntentionalAssist'}}, {'type': {'value': 102, 'displayName': 'GoalMouthY'}, 'value': '46.1'}, {'type': {'value': 146, 'displayName': 'BlockedX'}, 'value': '99.8'}, {'type': {'value': 22, 'displayName': 'RegularPlay'}}, {'type': {'value': 18, 'displayName': 'OutOfBoxCentre'}}, {'type': {'value': 20, 'displayName': 'RightFoot'}}, {'type': {'value': 147, 'displayName': 'BlockedY'}, 'value': '50.9'}]","[91, 9, 10, 2, 3, 12]",True,115519.0,,,99.8,50.9,5.7,46.1,True,1052.0,144711.0,,,0.0,1743445,SavedShot,85.36666666666666,1543.0,2602404725.0,37.0,50.0,3-0,08 October 2023,,,,,,False,,False,,,,,,,False,99.24,37.2,,,119.75999999999999,40.72,36.88,,foot_right,True,Leon Goretzka,L.Goretzka,37,Bayern,83,8282.746.5,AttemptSaved,0.07386602461338043,Leon Goretzka,83
20,1077.0,84,28.0,37,87.2,31.8,88.0,2.0,Goal,Successful,"[{'type': {'value': 29, 'displayName': 'Assisted'}}, {'type': {'value': 79, 'displayName': 'HighCentre'}}, {'type': {'value': 72, 'displayName': 'LeftFoot'}}, {'type': {'value': 56, 'displayName': 'Zone'}, 'value': 'Center'}, {'type': {'value': 22, 'displayName': 'RegularPlay'}}, {'type': {'value': 103, 'displayName': 'GoalMouthZ'}, 'value': '30.4'}, {'type': {'value': 102, 'displayName': 'GoalMouthY'}, 'value': '48.5'}, {'type': {'value': 55, 'displayName': 'RelatedEventId'}, 'value': '1076'}, {'type': {'value': 63, 'displayName': 'BoxRight'}}]","[91, 24, 9, 10, 1, 3, 13, 17, 19, 26]",True,125883.0,,,,,30.4,48.5,True,1076.0,248010.0,True,,0.0,1743445,Goal,87.46666666666667,1578.0,2602406987.0,37.0,50.0,3-0,08 October 2023,,,,,,False,,False,,,,,,,False,104.64,25.44,,,,,38.800000000000004,,foot_left,False,Kingsley Coman,K.Coman,37,Bayern,85,8487.231.8,Goal,0.041239868849515915,Kingsley Coman,85
21,1097.0,88,9.0,37,83.8,50.0,92.0,2.0,SavedShot,Successful,"[{'type': {'value': 29, 'displayName': 'Assisted'}}, {'type': {'value': 102, 'displayName': 'GoalMouthY'}, 'value': '53.2'}, {'type': {'value': 103, 'displayName': 'GoalMouthZ'}, 'value': '3.8'}, {'type': {'value': 233, 'displayName': 'OppositeRelatedEvent'}, 'value': '629'}, {'type': {'value': 23, 'displayName': 'FastBreak'}}, {'type': {'value': 146, 'displayName': 'BlockedX'}, 'value': '97.7'}, {'type': {'value': 56, 'displayName': 'Zone'}, 'value': 'Center'}, {'type': {'value': 147, 'displayName': 'BlockedY'}, 'value': '49.8'}, {'type': {'value': 17, 'displayName': 'BoxCentre'}}, {'type': {'value': 72, 'displayName': 'LeftFoot'}}, {'type': {'value': 55, 'displayName': 'RelatedEventId'}, 'value': '1096'}, {'type': {'value': 154, 'displayName': 'IntentionalAssist'}}, {'type': {'value': 76, 'displayName': 'LowLeft'}}]","[91, 9, 10, 1, 4, 13]",True,494113.0,,,97.7,49.8,3.8,53.2,True,1096.0,144711.0,,,0.0,1743445,SavedShot,91.15,1605.0,2602411039.0,37.0,50.0,3-0,08 October 2023,,,,,,False,,False,,,,,,,False,100.55999999999999,40.0,,,117.24,39.84,42.56,,foot_left,True,Frans Krätzig,F.Krätzig,37,Bayern,89,8883.850.0,AttemptSaved,0.17142914235591888,Frans Krätzig,89
22,658.0,89,40.0,50,97.1,27.3,93.0,2.0,MissedShots,Successful,"[{'type': {'value': 55, 'displayName': 'RelatedEventId'}, 'value': '656'}, {'type': {'value': 20, 'displayName': 'RightFoot'}}, {'type': {'value': 22, 'displayName': 'RegularPlay'}}, {'type': {'value': 154, 'displayName': 'IntentionalAssist'}}, {'type': {'value': 62, 'displayName': 'DeepBoxRight'}}, {'type': {'value': 102, 'displayName': 'GoalMouthY'}, 'value': '43.5'}, {'type': {'value': 103, 'displayName': 'GoalMouthZ'}, 'value': '20.8'}, {'type': {'value': 29, 'displayName': 'Assisted'}}, {'type': {'value': 56, 'displayName': 'Zone'}, 'value': 'Center'}]","[91, 7, 90, 10, 89, 1, 3, 12]",True,418590.0,,,,,20.8,43.5,True,656.0,409338.0,,,0.0,1743445,MissedShots,92.66666666666667,1652.0,2602412761.0,37.0,50.0,3-0,08 October 2023,,,,,,False,,False,,,,,,,False,116.51999999999998,21.840000000000003,,,,,34.800000000000004,,foot_right,False,Junior Adamu,J.Adamu,50,Freiburg,90,8997.127.3,Miss,0.010808619670569897,Chukwubuike Adamu,90
