playerId,shirtNo,name,position,height,weight,age,isFirstEleven,isManOfTheMatch,field,stats,subbedInPlayerId,subbedOutPeriod,subbedOutExpandedMinute,subbedInPeriod,subbedInExpandedMinute,subbedOutPlayerId,teamId,match_id,short_name,minute,second,cardType,expandedMinute,period,time_on,time_off,mins_played,ratings,shotsTotal,shotsOnTarget,passesTotal,passesAccurate,passesKey
276366,22,David Raya,GK,183,80,28,TRUE,FALSE,home,"{'claimsHigh': {'75': 1.0}, 'possession': {'0': 1.0, '2': 1.0, '3': 1.0, '4': 1.0, '11': 1.0, '12': 2.0, '13': 2.0, '16': 2.0, '17': 1.0, '18': 2.0, '19': 1.0, '20': 1.0, '22': 1.0, '23': 1.0, '33': 1.0, '34': 1.0, '36': 3.0, '41': 2.0, '46': 1.0, '47': 2.0, '52': 1.0, '53': 1.0, '54': 1.0, '58': 3.0, '60': 1.0, '65': 1.0, '73': 2.0, '75': 1.0, '84': 1.0, '85': 1.0, '86': 1.0, '90': 1.0, '91': 2.0, '92': 1.0, '93': 1.0, '95': 1.0}, 'ratings': {'0': 6.01, '2': 6.01, '3': 6.0, '4': 6.01, '11': 6.0, '12': 6.0, '13': 6.01, '16': 6.0, '17': 6.0, '18': 6.01, '19': 6.0, '20': 6.0, '22': 6.0, '23': 6.01, '33': 6.01, '34': 6.0, '36': 6.03, '41': 6.03, '46': 6.04, '47': 6.04, '52': 6.05, '53': 6.04, '54': 6.04, '58': 6.05, '60': 6.06, '65': 6.05, '67': 6.15, '73': 6.15, '75': 6.26, '84': 6.27, '85': 6.26, '86': 6.25, '87': 6.3, '90': 6.29, '91': 6.31, '92': 6.3, '93': 6.29, '95': 6.29, '96': 6.62}, 'clearances': {'67': 1.0}, 'touches': {'0': 1.0, '2': 1.0, '3': 1.0, '4': 1.0, '11': 1.0, '12': 2.0, '13': 2.0, '16': 2.0, '17': 1.0, '18': 2.0, '19': 1.0, '20': 1.0, '22': 1.0, '23': 1.0, '33': 1.0, '34': 1.0, '36': 3.0, '41': 2.0, '46': 1.0, '47': 2.0, '52': 1.0, '53': 1.0, '54': 1.0, '58': 3.0, '60': 1.0, '65': 1.0, '67': 1.0, '73': 2.0, '75': 2.0, '84': 1.0, '85': 1.0, '86': 1.0, '90': 1.0, '91': 2.0, '92': 1.0, '93': 1.0, '95': 1.0}, 'passesTotal': {'0': 1.0, '2': 1.0, '4': 1.0, '12': 2.0, '13': 1.0, '16': 2.0, '17': 1.0, '18': 2.0, '22': 1.0, '33': 1.0, '36': 3.0, '41': 2.0, '46': 1.0, '47': 2.0, '52': 1.0, '54': 1.0, '58': 2.0, '60': 1.0, '73': 2.0, '84': 1.0, '91': 2.0, '3': 1.0, '11': 1.0, '19': 1.0, '34': 1.0, '53': 1.0, '65': 1.0, '85': 1.0, '86': 1.0, '90': 1.0, '92': 1.0, '93': 1.0, '95': 1.0}, 'passesAccurate': {'0': 1.0, '2': 1.0, '4': 1.0, '12': 2.0, '13': 1.0, '16': 1.0, '17': 1.0, '18': 2.0, '22': 1.0, '33': 1.0, '36': 3.0, '41': 2.0, '46': 1.0, '47': 1.0, '52': 1.0, '54': 1.0, '58': 2.0, '60': 1.0, '73': 2.0, '84': 1.0, '91': 2.0}, 'passSuccess': {'0': 100.0, '2': 100.0, '4': 100.0, '12': 100.0, '13': 100.0, '16': 50.0, '17': 100.0, '18': 100.0, '22': 100.0, '33': 100.0, '36': 100.0, '41': 100.0, '46': 100.0, '47': 50.0, '52': 100.0, '54': 100.0, '58': 100.0, '60': 100.0, '73': 100.0, '84': 100.0, '91': 100.0, '3': 0.0, '11': 0.0, '19': 0.0, '34': 0.0, '53': 0.0, '65': 0.0, '85': 0.0, '86': 0.0, '90': 0.0, '92': 0.0, '93': 0.0, '95': 0.0}}",,,,,,,13,1729305,D.Raya,,,,,,0,90,90,6.62,0,0,43,29,0
322036,4,Ben White,DR,186,76,26,TRUE,FALSE,home,"{'possession': {'2': 1.0, '9': 1.0, '14': 3.0, '18': 1.0, '19': 1.0, '23': 1.0, '27': 2.0, '29': 1.0, '36': 1.0, '37': 1.0, '38': 1.0, '41': 2.0, '44': 2.0, '47': 1.0, '49': 1.0, '51': 2.0, '55': 1.0, '56': 1.0, '60': 4.0, '62': 1.0, '63': 3.0, '64': 1.0, '71': 1.0, '77': 2.0, '79': 1.0, '81': 1.0, '85': 1.0, '86': 1.0, '87': 1.0, '90': 2.0, '91': 1.0, '92': 1.0, '93': 1.0}, 'ratings': {'0': 6.0, '2': 6.0, '9': 5.98, '14': 5.98, '18': 5.98, '19': 5.98, '20': 5.96, '23': 5.96, '27': 5.97, '29': 5.96, '31': 6.1, '36': 6.09, '37': 6.1, '38': 6.11, '41': 6.12, '44': 6.13, '47': 6.11, '49': 6.12, '51': 6.2, '53': 6.19, '54': 6.32, '55': 6.32, '56': 6.33, '60': 6.34, '62': 6.34, '63': 6.44, '64': 6.44, '66': 6.49, '68': 6.54, '71': 6.54, '77': 6.55, '78': 6.68, '79': 6.68, '81': 6.68, '85': 6.69, '86': 6.69, '87': 6.77, '90': 6.95, '91': 6.95, '92': 6.95, '93': 6.94, '96': 7.18}, 'clearances': {'66': 1.0, '68': 1.0}, 'touches': {'2': 1.0, '4': 1.0, '5': 1.0, '6': 1.0, '9': 1.0, '14': 4.0, '18': 1.0, '19': 1.0, '23': 1.0, '27': 2.0, '29': 1.0, '31': 1.0, '35': 1.0, '36': 1.0, '37': 2.0, '38': 1.0, '41': 3.0, '44': 2.0, '47': 2.0, '49': 2.0, '50': 1.0, '51': 2.0, '54': 1.0, '55': 1.0, '56': 2.0, '60': 4.0, '62': 2.0, '63': 3.0, '64': 1.0, '66': 1.0, '68': 1.0, '70': 1.0, '71': 1.0, '74': 1.0, '77': 2.0, '78': 1.0, '79': 2.0, '81': 1.0, '85': 2.0, '86': 1.0, '87': 1.0, '90': 3.0, '91': 1.0, '92': 1.0, '93': 2.0}, 'passesTotal': {'2': 1.0, '14': 3.0, '18': 1.0, '19': 1.0, '23': 1.0, '27': 2.0, '37': 1.0, '38': 1.0, '41': 2.0, '44': 2.0, '49': 1.0, '51': 2.0, '55': 1.0, '56': 1.0, '60': 4.0, '62': 1.0, '63': 3.0, '64': 1.0, '71': 1.0, '77': 2.0, '79': 1.0, '81': 1.0, '85': 1.0, '86': 1.0, '87': 1.0, '90': 2.0, '91': 1.0, '92': 1.0, '9': 1.0, '29': 1.0, '36': 1.0, '47': 1.0, '93': 1.0}, 'passesAccurate': {'2': 1.0, '14': 2.0, '18': 1.0, '19': 1.0, '23': 1.0, '27': 2.0, '37': 1.0, '38': 1.0, '41': 2.0, '44': 2.0, '49': 1.0, '51': 2.0, '55': 1.0, '56': 1.0, '60': 4.0, '62': 1.0, '63': 3.0, '64': 1.0, '71': 1.0, '77': 2.0, '79': 1.0, '81': 1.0, '85': 1.0, '86': 1.0, '87': 1.0, '90': 2.0, '91': 1.0, '92': 1.0}, 'passesKey': {'51': 1.0, '63': 1.0}, 'passSuccess': {'2': 100.0, '14': 66.67, '18': 100.0, '19': 100.0, '23': 100.0, '27': 100.0, '37': 100.0, '38': 100.0, '41': 100.0, '44': 100.0, '49': 100.0, '51': 100.0, '55': 100.0, '56': 100.0, '60': 100.0, '62': 100.0, '63': 100.0, '64': 100.0, '71': 100.0, '77': 100.0, '79': 100.0, '81': 100.0, '85': 100.0, '86': 100.0, '87': 100.0, '90': 100.0, '91': 100.0, '92': 100.0, '9': 0.0, '29': 0.0, '36': 0.0, '47': 0.0, '93': 0.0}, 'aerialsTotal': {'20': 1.0}, 'offensiveAerials': {'20': 1.0}, 'throwInsTotal': {'4': 1.0, '5': 1.0, '6': 1.0, '14': 1.0, '37': 1.0, '47': 1.0, '50': 1.0, '70': 1.0, '79': 1.0, '85': 1.0, '93': 1.0}, 'throwInsAccurate': {'4': 1.0, '6': 1.0, '14': 1.0, '37': 1.0, '47': 1.0, '50': 1.0, '70': 1.0, '79': 1.0, '85': 1.0}, 'offsidesCaught': {'9': 1.0}, 'foulsCommited': {'53': 1.0}, 'tacklesTotal': {'31': 1.0, '54': 1.0, '78': 1.0}, 'tackleSuccessful': {'31': 1.0, '54': 1.0, '78': 1.0}, 'tackleSuccess': {'31': 100.0, '54': 100.0, '78': 100.0}, 'dribblesWon': {'90': 1.0}, 'dribblesAttempted': {'90': 1.0}, 'dribbleSuccess': {'90': 100.0}}",,,,,,,13,1729305,B.White,,,,,,0,90,90,7.18,0,0,46,40,2
334087,6,Gabriel Magalhães,DC,190,78,25,TRUE,FALSE,home,"{'possession': {'4': 1.0, '7': 1.0, '8': 1.0, '9': 1.0, '11': 4.0, '13': 1.0, '14': 2.0, '16': 3.0, '17': 1.0, '18': 2.0, '19': 1.0, '22': 2.0, '23': 1.0, '25': 1.0, '33': 1.0, '36': 2.0, '38': 1.0, '41': 2.0, '43': 2.0, '47': 1.0, '52': 1.0, '54': 1.0, '58': 3.0, '60': 2.0, '62': 1.0, '64': 1.0, '72': 4.0, '73': 3.0, '79': 2.0, '81': 2.0, '84': 1.0, '85': 1.0, '86': 1.0, '87': 2.0, '91': 2.0, '96': 1.0}, 'ratings': {'0': 6.0, '2': 6.08, '3': 6.07, '4': 6.07, '7': 6.08, '8': 6.08, '9': 6.08, '10': 6.19, '11': 6.2, '13': 6.19, '14': 6.19, '16': 6.2, '17': 6.2, '18': 6.2, '19': 6.2, '22': 6.21, '23': 6.21, '25': 6.21, '33': 6.21, '36': 6.22, '38': 6.43, '41': 6.44, '43': 6.44, '46': 6.58, '47': 6.59, '51': 6.58, '52': 6.58, '54': 6.58, '58': 6.58, '59': 6.63, '60': 6.63, '62': 6.63, '64': 6.63, '72': 6.64, '73': 6.63, '79': 6.64, '81': 6.64, '84': 6.63, '85': 6.64, '86': 6.64, '87': 6.79, '91': 6.79, '96': 7.05}, 'interceptions': {'10': 1.0, '38': 1.0, '46': 1.0}, 'touches': {'2': 2.0, '4': 1.0, '7': 1.0, '8': 1.0, '9': 1.0, '10': 1.0, '11': 4.0, '13': 1.0, '14': 2.0, '16': 3.0, '17': 1.0, '18': 2.0, '19': 1.0, '22': 2.0, '23': 1.0, '25': 1.0, '33': 1.0, '36': 2.0, '38': 2.0, '41': 2.0, '43': 2.0, '46': 2.0, '47': 1.0, '52': 1.0, '54': 1.0, '58': 3.0, '59': 1.0, '60': 2.0, '62': 1.0, '64': 1.0, '72': 4.0, '73': 3.0, '79': 2.0, '81': 2.0, '84': 1.0, '85': 1.0, '86': 1.0, '87': 2.0, '91': 2.0, '96': 1.0}, 'passesTotal': {'4': 1.0, '7': 1.0, '8': 1.0, '9': 1.0, '11': 4.0, '14': 2.0, '16': 3.0, '17': 1.0, '18': 2.0, '19': 1.0, '22': 2.0, '23': 1.0, '25': 1.0, '33': 1.0, '36': 2.0, '38': 1.0, '41': 2.0, '43': 2.0, '47': 1.0, '52': 1.0, '54': 1.0, '58': 3.0, '60': 2.0, '62': 1.0, '64': 1.0, '72': 4.0, '73': 3.0, '79': 2.0, '81': 2.0, '85': 1.0, '86': 1.0, '87': 2.0, '91': 2.0, '13': 1.0, '84': 1.0, '96': 1.0}, 'passesAccurate': {'4': 1.0, '7': 1.0, '8': 1.0, '9': 1.0, '11': 4.0, '14': 2.0, '16': 3.0, '17': 1.0, '18': 2.0, '19': 1.0, '22': 2.0, '23': 1.0, '25': 1.0, '33': 1.0, '36': 2.0, '38': 1.0, '41': 2.0, '43': 2.0, '47': 1.0, '52': 1.0, '54': 1.0, '58': 3.0, '60': 1.0, '62': 1.0, '64': 1.0, '72': 4.0, '73': 2.0, '79': 2.0, '81': 2.0, '85': 1.0, '86': 1.0, '87': 2.0, '91': 2.0}, 'passSuccess': {'4': 100.0, '7': 100.0, '8': 100.0, '9': 100.0, '11': 100.0, '14': 100.0, '16': 100.0, '17': 100.0, '18': 100.0, '19': 100.0, '22': 100.0, '23': 100.0, '25': 100.0, '33': 100.0, '36': 100.0, '38': 100.0, '41': 100.0, '43': 100.0, '47': 100.0, '52': 100.0, '54': 100.0, '58': 100.0, '60': 50.0, '62': 100.0, '64': 100.0, '72': 100.0, '73': 66.67, '79': 100.0, '81': 100.0, '85': 100.0, '86': 100.0, '87': 100.0, '91': 100.0, '13': 0.0, '84': 0.0, '96': 0.0}, 'aerialsTotal': {'87': 1.0, '3': 1.0, '51': 1.0}, 'aerialsWon': {'87': 1.0}, 'aerialSuccess': {'3': 0.0, '51': 0.0}, 'offensiveAerials': {'51': 1.0}, 'defensiveAerials': {'3': 1.0, '87': 1.0}, 'tacklesTotal': {'2': 1.0, '59': 1.0}, 'tackleSuccessful': {'2': 1.0}, 'tackleUnsuccesful': {'59': 1.0}, 'tackleSuccess': {'2': 100.0, '59': 0.0}, 'dribbledPast': {'59': 1.0}}",,,,,,,13,1729305,G.Magalhães,,,,,,0,90,90,7.05,0,0,59,54,0
361822,2,William Saliba,DC,192,92,22,TRUE,FALSE,home,"{'possession': {'0': 1.0, '4': 1.0, '6': 1.0, '7': 3.0, '8': 1.0, '9': 1.0, '11': 3.0, '12': 1.0, '14': 4.0, '15': 1.0, '17': 1.0, '18': 4.0, '19': 2.0, '20': 1.0, '23': 1.0, '24': 1.0, '27': 3.0, '37': 1.0, '38': 2.0, '41': 1.0, '43': 1.0, '44': 1.0, '52': 3.0, '54': 2.0, '58': 3.0, '60': 1.0, '61': 1.0, '62': 2.0, '64': 3.0, '68': 1.0, '71': 2.0, '72': 3.0, '73': 1.0, '79': 2.0, '81': 1.0, '85': 1.0, '86': 1.0, '87': 1.0, '90': 3.0, '91': 1.0, '92': 1.0, '95': 1.0}, 'ratings': {'0': 6.09, '4': 6.09, '6': 6.09, '7': 6.1, '8': 6.1, '9': 6.11, '11': 6.11, '12': 6.11, '14': 6.12, '15': 6.11, '17': 6.11, '18': 6.12, '19': 6.12, '20': 6.12, '21': 6.17, '23': 6.17, '24': 6.18, '27': 6.19, '31': 6.27, '37': 6.28, '38': 6.28, '40': 6.33, '41': 6.34, '43': 6.34, '44': 6.34, '52': 6.35, '54': 6.36, '56': 6.49, '58': 6.5, '60': 6.5, '61': 6.5, '62': 6.51, '64': 6.51, '68': 6.52, '71': 6.52, '72': 6.53, '73': 6.53, '79': 6.54, '81': 6.54, '85': 6.54, '86': 6.54, '87': 6.61, '90': 6.62, '91': 6.62, '92': 6.62, '95': 6.61, '96': 6.88}, 'clearances': {'21': 1.0, '40': 1.0}, 'touches': {'0': 1.0, '4': 1.0, '6': 1.0, '7': 3.0, '8': 1.0, '9': 1.0, '11': 3.0, '12': 1.0, '14': 4.0, '15': 1.0, '17': 1.0, '18': 4.0, '19': 2.0, '20': 1.0, '21': 1.0, '23': 1.0, '24': 1.0, '27': 3.0, '31': 2.0, '37': 1.0, '38': 2.0, '40': 1.0, '41': 1.0, '43': 1.0, '44': 1.0, '52': 3.0, '54': 2.0, '56': 1.0, '58': 3.0, '60': 1.0, '61': 1.0, '62': 2.0, '64': 3.0, '68': 2.0, '71': 2.0, '72': 3.0, '73': 1.0, '79': 2.0, '81': 1.0, '85': 1.0, '86': 1.0, '87': 1.0, '90': 3.0, '91': 1.0, '92': 1.0, '95': 1.0}, 'passesTotal': {'0': 1.0, '4': 1.0, '6': 1.0, '7': 3.0, '8': 1.0, '9': 1.0, '11': 3.0, '12': 1.0, '14': 4.0, '17': 1.0, '18': 4.0, '19': 2.0, '20': 1.0, '23': 1.0, '24': 1.0, '27': 3.0, '37': 1.0, '38': 2.0, '41': 1.0, '43': 1.0, '44': 1.0, '52': 3.0, '54': 2.0, '58': 3.0, '60': 1.0, '61': 1.0, '62': 2.0, '64': 3.0, '68': 1.0, '71': 2.0, '72': 3.0, '73': 1.0, '79': 2.0, '81': 1.0, '85': 1.0, '86': 1.0, '87': 1.0, '90': 3.0, '91': 1.0, '92': 1.0, '15': 1.0, '95': 1.0}, 'passesAccurate': {'0': 1.0, '4': 1.0, '6': 1.0, '7': 3.0, '8': 1.0, '9': 1.0, '11': 3.0, '12': 1.0, '14': 4.0, '17': 1.0, '18': 4.0, '19': 2.0, '20': 1.0, '23': 1.0, '24': 1.0, '27': 3.0, '37': 1.0, '38': 2.0, '41': 1.0, '43': 1.0, '44': 1.0, '52': 3.0, '54': 2.0, '58': 3.0, '60': 1.0, '61': 1.0, '62': 2.0, '64': 3.0, '68': 1.0, '71': 2.0, '72': 3.0, '73': 1.0, '79': 2.0, '81': 1.0, '85': 1.0, '86': 1.0, '87': 1.0, '90': 3.0, '91': 1.0, '92': 1.0}, 'passSuccess': {'0': 100.0, '4': 100.0, '6': 100.0, '7': 100.0, '8': 100.0, '9': 100.0, '11': 100.0, '12': 100.0, '14': 100.0, '17': 100.0, '18': 100.0, '19': 100.0, '20': 100.0, '23': 100.0, '24': 100.0, '27': 100.0, '37': 100.0, '38': 100.0, '41': 100.0, '43': 100.0, '44': 100.0, '52': 100.0, '54': 100.0, '58': 100.0, '60': 100.0, '61': 100.0, '62': 100.0, '64': 100.0, '68': 100.0, '71': 100.0, '72': 100.0, '73': 100.0, '79': 100.0, '81': 100.0, '85': 100.0, '86': 100.0, '87': 100.0, '90': 100.0, '91': 100.0, '92': 100.0, '15': 0.0, '95': 0.0}, 'aerialsTotal': {'0': 1.0}, 'aerialsWon': {'0': 1.0}, 'defensiveAerials': {'0': 1.0}, 'tacklesTotal': {'56': 1.0, '31': 1.0}, 'tackleSuccessful': {'56': 1.0, '31': 1.0}, 'tackleSuccess': {'56': 100.0, '31': 100.0}}",,,,,,,13,1729305,W.Saliba,,,,,,0,90,90,6.88,0,0,70,68,0
273257,35,Oleksandr Zinchenko,DL,175,64,26,TRUE,FALSE,home,"{'possession': {'5': 1.0, '7': 2.0, '9': 1.0, '11': 3.0, '12': 1.0, '16': 1.0, '18': 2.0, '24': 3.0, '25': 1.0, '27': 1.0, '35': 1.0, '39': 1.0, '43': 1.0, '44': 1.0, '48': 2.0, '49': 1.0, '50': 1.0, '52': 1.0, '53': 1.0, '55': 2.0, '60': 1.0, '62': 2.0, '63': 2.0, '70': 1.0, '72': 1.0, '75': 1.0}, 'ratings': {'0': 6.0, '5': 6.0, '7': 6.0, '9': 6.0, '11': 6.01, '12': 6.01, '16': 6.02, '18': 6.02, '24': 6.03, '25': 6.11, '27': 6.11, '35': 6.11, '39': 6.09, '43': 6.1, '44': 6.1, '48': 6.11, '49': 6.12, '50': 6.12, '52': 6.11, '53': 6.12, '55': 6.22, '60': 6.22, '62': 6.23, '63': 6.23, '64': 6.21, '70': 6.3, '72': 6.31, '73': 6.44, '75': 6.44, '76': 6.67}, 'shotsTotal': {'37': 2.0, '64': 1.0}, 'shotsOffTarget': {'64': 1.0}, 'shotsBlocked': {'37': 2.0}, 'interceptions': {'55': 1.0}, 'touches': {'5': 1.0, '7': 2.0, '9': 1.0, '11': 3.0, '12': 1.0, '16': 1.0, '18': 2.0, '24': 3.0, '25': 2.0, '27': 1.0, '35': 1.0, '37': 2.0, '39': 1.0, '40': 1.0, '43': 1.0, '44': 1.0, '48': 2.0, '49': 1.0, '50': 1.0, '52': 1.0, '53': 1.0, '55': 3.0, '60': 1.0, '62': 2.0, '63': 2.0, '64': 1.0, '70': 2.0, '72': 1.0, '73': 1.0, '75': 1.0}, 'passesTotal': {'5': 1.0, '7': 2.0, '9': 1.0, '11': 3.0, '12': 1.0, '16': 1.0, '18': 2.0, '24': 3.0, '25': 1.0, '35': 1.0, '43': 1.0, '44': 1.0, '48': 2.0, '49': 1.0, '50': 1.0, '53': 1.0, '55': 2.0, '60': 1.0, '62': 2.0, '63': 1.0, '70': 1.0, '72': 1.0, '75': 1.0, '39': 1.0, '52': 1.0}, 'passesAccurate': {'5': 1.0, '7': 1.0, '9': 1.0, '11': 3.0, '12': 1.0, '16': 1.0, '18': 2.0, '24': 3.0, '25': 1.0, '35': 1.0, '43': 1.0, '44': 1.0, '48': 2.0, '49': 1.0, '50': 1.0, '53': 1.0, '55': 2.0, '60': 1.0, '62': 2.0, '63': 1.0, '70': 1.0, '72': 1.0, '75': 1.0}, 'passesKey': {'25': 1.0}, 'passSuccess': {'5': 100.0, '7': 50.0, '9': 100.0, '11': 100.0, '12': 100.0, '16': 100.0, '18': 100.0, '24': 100.0, '25': 100.0, '35': 100.0, '43': 100.0, '44': 100.0, '48': 100.0, '49': 100.0, '50': 100.0, '53': 100.0, '55': 100.0, '60': 100.0, '62': 100.0, '63': 100.0, '70': 100.0, '72': 100.0, '75': 100.0, '39': 0.0, '52': 0.0}, 'throwInsTotal': {'25': 1.0}, 'throwInsAccurate': {'25': 1.0}, 'tacklesTotal': {'73': 1.0, '70': 1.0}, 'tackleSuccessful': {'73': 1.0, '70': 1.0}, 'tackleSuccess': {'73': 100.0, '70': 100.0}}",377283,2,76,,,,13,1729305,O.Zinchenko,74,28,,,,0,75,75,6.67,3,0,34,31,1
106968,20,Jorginho,MC,180,65,31,TRUE,FALSE,home,"{'possession': {'0': 1.0, '2': 1.0, '4': 1.0, '5': 1.0, '7': 1.0, '9': 3.0, '12': 3.0, '13': 1.0, '14': 1.0, '18': 4.0, '23': 2.0, '24': 3.0, '27': 4.0, '35': 1.0, '36': 1.0, '37': 1.0, '38': 5.0, '41': 1.0, '43': 3.0, '44': 3.0, '47': 1.0, '48': 1.0, '49': 1.0, '50': 1.0, '54': 1.0, '55': 2.0, '58': 3.0, '60': 2.0, '62': 3.0, '63': 1.0, '64': 3.0, '70': 1.0, '71': 3.0, '72': 1.0, '73': 3.0}, 'ratings': {'0': 6.0, '2': 6.01, '4': 6.01, '5': 6.09, '7': 6.09, '9': 6.1, '10': 5.98, '12': 5.99, '13': 5.99, '14': 5.99, '15': 5.96, '18': 5.98, '23': 5.97, '24': 5.97, '27': 6.15, '35': 6.14, '36': 6.14, '37': 6.15, '38': 6.16, '39': 6.12, '41': 6.13, '43': 6.13, '44': 6.14, '47': 6.14, '48': 6.15, '49': 6.15, '50': 6.16, '54': 6.16, '55': 6.15, '58': 6.16, '60': 6.16, '62': 6.17, '63': 6.17, '64': 6.18, '70': 6.22, '71': 6.22, '72': 6.22, '73': 6.24, '76': 6.39}, 'clearances': {'70': 1.0}, 'touches': {'0': 1.0, '2': 1.0, '4': 1.0, '5': 2.0, '7': 1.0, '9': 4.0, '12': 3.0, '13': 1.0, '14': 1.0, '15': 2.0, '18': 4.0, '23': 2.0, '24': 3.0, '27': 5.0, '35': 1.0, '36': 1.0, '37': 1.0, '38': 5.0, '39': 1.0, '40': 1.0, '41': 1.0, '43': 3.0, '44': 3.0, '47': 1.0, '48': 1.0, '49': 1.0, '50': 1.0, '54': 1.0, '55': 2.0, '58': 3.0, '60': 2.0, '62': 3.0, '63': 1.0, '64': 3.0, '70': 2.0, '71': 3.0, '72': 1.0, '73': 3.0}, 'passesTotal': {'0': 1.0, '2': 1.0, '4': 1.0, '7': 1.0, '9': 3.0, '12': 3.0, '13': 1.0, '14': 1.0, '18': 4.0, '23': 2.0, '24': 3.0, '27': 4.0, '36': 1.0, '37': 1.0, '38': 5.0, '41': 1.0, '43': 3.0, '44': 3.0, '47': 1.0, '48': 1.0, '49': 1.0, '50': 1.0, '54': 1.0, '55': 2.0, '58': 3.0, '60': 2.0, '62': 3.0, '63': 1.0, '64': 3.0, '71': 3.0, '72': 1.0, '73': 3.0, '5': 1.0, '35': 1.0, '70': 1.0}, 'passesAccurate': {'0': 1.0, '2': 1.0, '4': 1.0, '7': 1.0, '9': 3.0, '12': 3.0, '13': 1.0, '14': 1.0, '18': 4.0, '23': 1.0, '24': 2.0, '27': 4.0, '36': 1.0, '37': 1.0, '38': 5.0, '41': 1.0, '43': 3.0, '44': 3.0, '47': 1.0, '48': 1.0, '49': 1.0, '50': 1.0, '54': 1.0, '55': 1.0, '58': 3.0, '60': 2.0, '62': 3.0, '63': 1.0, '64': 3.0, '71': 3.0, '72': 1.0, '73': 3.0}, 'passSuccess': {'0': 100.0, '2': 100.0, '4': 100.0, '7': 100.0, '9': 100.0, '12': 100.0, '13': 100.0, '14': 100.0, '18': 100.0, '23': 50.0, '24': 66.67, '27': 100.0, '36': 100.0, '37': 100.0, '38': 100.0, '41': 100.0, '43': 100.0, '44': 100.0, '47': 100.0, '48': 100.0, '49': 100.0, '50': 100.0, '54': 100.0, '55': 50.0, '58': 100.0, '60': 100.0, '62': 100.0, '63': 100.0, '64': 100.0, '71': 100.0, '72': 100.0, '73': 100.0, '5': 0.0, '35': 0.0, '70': 0.0}, 'foulsCommited': {'10': 1.0}, 'tacklesTotal': {'5': 1.0}, 'tackleSuccessful': {'5': 1.0}, 'tackleSuccess': {'5': 100.0}, 'dribblesWon': {'27': 1.0}, 'dribblesAttempted': {'27': 1.0}, 'dribbleSuccess': {'27': 100.0}, 'dispossessed': {'39': 1.0}}",238940,2,76,,,,13,1729305,J.Jorginho,74,54,,,,0,75,75,6.39,0,0,68,62,0
247454,8,Martin Ødegaard,MC,178,68,24,TRUE,FALSE,home,"{'possession': {'8': 1.0, '9': 1.0, '14': 1.0, '20': 1.0, '24': 2.0, '30': 1.0, '35': 1.0, '36': 1.0, '37': 1.0, '38': 1.0, '43': 1.0, '44': 2.0, '48': 1.0, '49': 1.0, '51': 1.0, '56': 1.0, '58': 1.0, '60': 2.0, '62': 2.0, '64': 1.0, '71': 1.0, '77': 2.0, '78': 2.0, '85': 3.0, '86': 1.0, '90': 3.0, '91': 1.0, '92': 2.0, '94': 1.0}, 'ratings': {'0': 6.0, '6': 6.1, '8': 6.27, '9': 6.27, '14': 6.27, '20': 6.25, '24': 6.26, '27': 6.29, '30': 6.28, '35': 6.28, '36': 6.28, '37': 6.37, '38': 6.36, '43': 6.36, '44': 6.37, '47': 6.5, '48': 6.5, '49': 6.51, '51': 6.49, '56': 6.63, '58': 6.63, '60': 6.63, '62': 6.64, '64': 6.72, '71': 6.73, '73': 6.71, '76': 6.7, '77': 6.7, '78': 6.8, '85': 6.8, '86': 6.8, '87': 6.92, '90': 6.9, '91': 6.9, '92': 7.04, '94': 7.04, '96': 7.19}, 'shotsTotal': {'51': 1.0, '63': 1.0, '76': 1.0}, 'shotsOffTarget': {'51': 1.0, '76': 1.0}, 'shotsBlocked': {'63': 1.0}, 'interceptions': {'6': 1.0}, 'touches': {'3': 1.0, '6': 1.0, '7': 1.0, '8': 1.0, '9': 1.0, '14': 1.0, '20': 2.0, '24': 2.0, '26': 1.0, '27': 1.0, '30': 1.0, '35': 1.0, '36': 1.0, '37': 1.0, '38': 1.0, '43': 1.0, '44': 3.0, '47': 2.0, '48': 1.0, '49': 1.0, '51': 2.0, '56': 2.0, '58': 1.0, '60': 2.0, '62': 2.0, '63': 1.0, '64': 1.0, '71': 1.0, '73': 1.0, '76': 1.0, '77': 2.0, '78': 6.0, '85': 3.0, '86': 1.0, '90': 3.0, '91': 1.0, '92': 4.0, '94': 1.0, '95': 1.0}, 'passesTotal': {'9': 1.0, '14': 1.0, '24': 2.0, '36': 1.0, '37': 1.0, '43': 1.0, '44': 2.0, '48': 1.0, '49': 1.0, '56': 1.0, '58': 1.0, '60': 2.0, '62': 2.0, '71': 1.0, '77': 2.0, '85': 3.0, '86': 1.0, '90': 3.0, '91': 1.0, '92': 2.0, '94': 1.0, '20': 1.0, '38': 1.0, '51': 1.0, '78': 1.0}, 'passesAccurate': {'9': 1.0, '14': 1.0, '24': 2.0, '36': 1.0, '37': 1.0, '43': 1.0, '44': 2.0, '48': 1.0, '49': 1.0, '56': 1.0, '58': 1.0, '60': 2.0, '62': 2.0, '71': 1.0, '77': 2.0, '85': 2.0, '86': 1.0, '90': 3.0, '91': 1.0, '92': 2.0, '94': 1.0}, 'passesKey': {'8': 1.0, '37': 1.0}, 'passSuccess': {'9': 100.0, '14': 100.0, '24': 100.0, '36': 100.0, '37': 100.0, '43': 100.0, '44': 100.0, '48': 100.0, '49': 100.0, '56': 100.0, '58': 100.0, '60': 100.0, '62': 100.0, '71': 100.0, '77': 100.0, '85': 66.67, '86': 100.0, '90': 100.0, '91': 100.0, '92': 100.0, '94': 100.0, '20': 0.0, '38': 0.0, '51': 0.0, '78': 0.0}, 'cornersTotal': {'78': 1.0}, 'cornersAccurate': {'8': 1.0, '64': 1.0}, 'throwInAccuracy': {'78': 0.0}, 'tacklesTotal': {'47': 1.0, '56': 1.0, '78': 2.0, '90': 1.0}, 'tackleSuccessful': {'47': 1.0, '56': 1.0, '78': 2.0}, 'tackleUnsuccesful': {'90': 1.0}, 'tackleSuccess': {'47': 100.0, '56': 100.0, '78': 100.0, '90': 0.0}, 'dribbledPast': {'90': 1.0}, 'dribblesWon': {'92': 1.0}, 'dribblesAttempted': {'92': 1.0, '20': 1.0, '73': 1.0, '78': 1.0}, 'dribblesLost': {'20': 1.0, '73': 1.0, '78': 1.0}, 'dribbleSuccess': {'92': 100.0, '20': 0.0, '73': 0.0, '78': 0.0}, 'dispossessed': {'78': 1.0, '92': 1.0}}",,,,,,,13,1729305,M.Ødegaard,,,,,,0,90,90,7.19,3,0,35,30,2
332325,41,Declan Rice,MC,185,84,24,TRUE,TRUE,home,"{'possession': {'3': 2.0, '7': 2.0, '8': 1.0, '14': 3.0, '16': 1.0, '17': 1.0, '22': 3.0, '23': 1.0, '38': 2.0, '39': 1.0, '43': 1.0, '44': 1.0, '50': 1.0, '52': 1.0, '53': 1.0, '58': 1.0, '59': 1.0, '60': 1.0, '61': 1.0, '62': 2.0, '63': 1.0, '64': 1.0, '70': 1.0, '71': 1.0, '72': 1.0, '73': 1.0, '78': 1.0, '79': 3.0, '82': 1.0, '91': 1.0}, 'ratings': {'0': 6.0, '3': 6.56, '7': 6.57, '8': 6.57, '9': 6.65, '14': 6.66, '16': 6.67, '17': 6.67, '20': 6.77, '22': 6.86, '23': 6.91, '32': 6.96, '34': 6.99, '38': 7.0, '39': 7.0, '43': 7.01, '44': 7.01, '50': 7.01, '51': 7.15, '52': 7.23, '53': 7.24, '58': 7.24, '59': 7.25, '60': 7.25, '61': 7.25, '62': 7.25, '63': 7.26, '64': 7.34, '70': 7.33, '71': 7.33, '72': 7.33, '73': 7.33, '78': 7.34, '79': 7.35, '82': 7.49, '84': 7.57, '87': 7.69, '90': 7.62, '91': 7.62, '96': 7.77}, 'clearances': {'23': 1.0, '32': 1.0}, 'interceptions': {'9': 1.0, '20': 1.0, '22': 1.0}, 'touches': {'3': 3.0, '7': 2.0, '8': 1.0, '9': 1.0, '14': 3.0, '16': 1.0, '17': 1.0, '20': 1.0, '22': 5.0, '23': 3.0, '32': 1.0, '34': 1.0, '37': 2.0, '38': 2.0, '39': 1.0, '43': 1.0, '44': 1.0, '50': 1.0, '51': 1.0, '52': 1.0, '53': 1.0, '58': 1.0, '59': 1.0, '60': 1.0, '61': 1.0, '62': 2.0, '63': 1.0, '64': 1.0, '70': 1.0, '71': 1.0, '72': 1.0, '73': 1.0, '78': 1.0, '79': 3.0, '82': 2.0, '84': 1.0, '90': 3.0, '91': 1.0}, 'passesTotal': {'7': 2.0, '8': 1.0, '14': 3.0, '16': 1.0, '17': 1.0, '22': 3.0, '23': 1.0, '38': 2.0, '39': 1.0, '43': 1.0, '44': 1.0, '50': 1.0, '52': 1.0, '53': 1.0, '58': 1.0, '59': 1.0, '60': 1.0, '62': 2.0, '63': 1.0, '64': 1.0, '71': 1.0, '72': 1.0, '73': 1.0, '78': 1.0, '79': 3.0, '82': 1.0, '91': 1.0, '3': 2.0, '61': 1.0, '70': 1.0}, 'passesAccurate': {'7': 2.0, '8': 1.0, '14': 3.0, '16': 1.0, '17': 1.0, '22': 3.0, '23': 1.0, '38': 2.0, '39': 1.0, '43': 1.0, '44': 1.0, '50': 1.0, '52': 1.0, '53': 1.0, '58': 1.0, '59': 1.0, '60': 1.0, '62': 2.0, '63': 1.0, '64': 1.0, '71': 1.0, '72': 1.0, '73': 1.0, '78': 1.0, '79': 3.0, '82': 1.0, '91': 1.0}, 'passesKey': {'52': 1.0, '64': 1.0}, 'passSuccess': {'7': 100.0, '8': 100.0, '14': 100.0, '16': 100.0, '17': 100.0, '22': 100.0, '23': 100.0, '38': 100.0, '39': 100.0, '43': 100.0, '44': 100.0, '50': 100.0, '52': 100.0, '53': 100.0, '58': 100.0, '59': 100.0, '60': 100.0, '62': 100.0, '63': 100.0, '64': 100.0, '71': 100.0, '72': 100.0, '73': 100.0, '78': 100.0, '79': 100.0, '82': 100.0, '91': 100.0, '3': 0.0, '61': 0.0, '70': 0.0}, 'aerialsTotal': {'9': 1.0}, 'offensiveAerials': {'9': 1.0}, 'tacklesTotal': {'51': 1.0, '82': 1.0, '84': 1.0, '90': 1.0}, 'tackleSuccessful': {'51': 1.0, '82': 1.0, '84': 1.0}, 'tackleUnsuccesful': {'90': 1.0}, 'tackleSuccess': {'51': 100.0, '82': 100.0, '84': 100.0, '90': 0.0}, 'dribbledPast': {'90': 1.0}, 'dribblesAttempted': {'22': 1.0}, 'dribblesLost': {'22': 1.0}, 'dispossessed': {'90': 1.0}}",,,,,,,13,1729305,D.Rice,,,,,,0,90,90,7.77,0,0,40,36,2
279379,9,Gabriel Jesus,FWR,175,73,26,TRUE,FALSE,home,"{'possession': {'0': 2.0, '4': 1.0, '24': 2.0, '27': 2.0, '34': 1.0, '36': 1.0, '37': 1.0, '38': 1.0, '41': 1.0, '43': 1.0, '44': 2.0, '47': 1.0, '48': 1.0, '49': 1.0, '50': 1.0, '51': 1.0, '52': 3.0, '54': 1.0, '56': 1.0, '60': 2.0, '62': 1.0, '63': 3.0, '70': 1.0, '73': 1.0, '74': 1.0, '77': 3.0, '79': 1.0, '80': 1.0, '85': 4.0, '90': 2.0, '91': 1.0, '94': 1.0}, 'ratings': {'0': 5.99, '1': 5.94, '3': 5.99, '4': 5.98, '7': 6.05, '17': 6.08, '19': 6.01, '24': 6.0, '27': 6.02, '29': 6.06, '34': 6.05, '35': 6.17, '36': 6.16, '37': 6.15, '38': 6.16, '41': 6.15, '43': 6.15, '44': 6.16, '47': 6.14, '48': 6.15, '49': 6.14, '50': 6.13, '51': 6.13, '52': 6.14, '54': 6.11, '56': 6.08, '58': 6.05, '60': 6.05, '62': 6.06, '63': 6.22, '68': 6.34, '70': 6.33, '71': 6.43, '73': 6.6, '74': 6.56, '77': 6.56, '79': 6.56, '80': 6.54, '83': 6.65, '84': 6.61, '85': 6.63, '86': 6.61, '87': 6.78, '90': 6.78, '91': 6.78, '94': 6.67, '96': 6.72}, 'shotsTotal': {'8': 1.0}, 'shotsBlocked': {'8': 1.0}, 'clearances': {'3': 1.0}, 'interceptions': {'71': 1.0}, 'touches': {'0': 2.0, '1': 1.0, '3': 1.0, '4': 1.0, '7': 2.0, '8': 1.0, '17': 1.0, '19': 2.0, '24': 2.0, '27': 2.0, '29': 1.0, '34': 1.0, '35': 2.0, '36': 2.0, '37': 2.0, '38': 1.0, '41': 1.0, '43': 1.0, '44': 2.0, '47': 2.0, '48': 1.0, '49': 2.0, '50': 1.0, '51': 1.0, '52': 3.0, '54': 2.0, '56': 1.0, '58': 1.0, '60': 2.0, '62': 1.0, '63': 4.0, '68': 2.0, '70': 1.0, '71': 1.0, '73': 2.0, '74': 1.0, '77': 4.0, '79': 1.0, '80': 1.0, '83': 2.0, '84': 1.0, '85': 4.0, '86': 2.0, '90': 2.0, '91': 1.0, '94': 1.0}, 'passesTotal': {'24': 2.0, '27': 2.0, '38': 1.0, '43': 1.0, '44': 2.0, '48': 1.0, '52': 3.0, '56': 1.0, '60': 2.0, '62': 1.0, '63': 3.0, '73': 1.0, '77': 3.0, '79': 1.0, '85': 4.0, '90': 2.0, '91': 1.0, '94': 1.0, '0': 2.0, '4': 1.0, '34': 1.0, '36': 1.0, '37': 1.0, '41': 1.0, '47': 1.0, '50': 1.0, '51': 1.0, '54': 1.0, '70': 1.0, '74': 1.0, '80': 1.0}, 'passesAccurate': {'24': 2.0, '27': 2.0, '38': 1.0, '43': 1.0, '44': 2.0, '48': 1.0, '52': 3.0, '56': 1.0, '60': 2.0, '62': 1.0, '63': 2.0, '73': 1.0, '77': 2.0, '79': 1.0, '85': 4.0, '90': 2.0, '91': 1.0, '94': 1.0}, 'passSuccess': {'24': 100.0, '27': 100.0, '38': 100.0, '43': 100.0, '44': 100.0, '48': 100.0, '52': 100.0, '56': 100.0, '60': 100.0, '62': 100.0, '63': 66.67, '73': 100.0, '77': 66.67, '79': 100.0, '85': 100.0, '90': 100.0, '91': 100.0, '94': 100.0, '0': 0.0, '4': 0.0, '34': 0.0, '36': 0.0, '37': 0.0, '41': 0.0, '47': 0.0, '50': 0.0, '51': 0.0, '54': 0.0, '70': 0.0, '74': 0.0, '80': 0.0}, 'cornersTotal': {'8': 1.0, '35': 1.0, '63': 1.0}, 'throwInsTotal': {'86': 1.0}, 'throwInsAccurate': {'86': 1.0}, 'foulsCommited': {'1': 1.0, '24': 1.0, '80': 1.0, '94': 1.0}, 'tacklesTotal': {'35': 1.0, '68': 1.0, '83': 1.0, '7': 1.0, '56': 1.0, '74': 1.0}, 'tackleSuccessful': {'35': 1.0, '68': 1.0, '83': 1.0, '7': 1.0}, 'tackleUnsuccesful': {'56': 1.0, '74': 1.0}, 'tackleSuccess': {'35': 100.0, '68': 100.0, '83': 100.0, '7': 100.0, '56': 0.0, '74': 0.0}, 'dribbledPast': {'56': 1.0, '74': 1.0}, 'dribblesWon': {'63': 1.0, '73': 1.0}, 'dribblesAttempted': {'63': 1.0, '73': 1.0, '7': 1.0, '35': 1.0, '54': 1.0, '68': 1.0, '86': 1.0}, 'dribblesLost': {'7': 1.0, '35': 1.0, '54': 1.0, '68': 1.0, '86': 1.0}, 'dribbleSuccess': {'63': 100.0, '73': 100.0, '7': 0.0, '35': 0.0, '54': 0.0, '68': 0.0, '86': 0.0}, 'dispossessed': {'19': 2.0, '83': 1.0}}",,,,,,,13,1729305,G.Jesus,,,,,,0,90,90,6.78,1,0,46,30,0
345845,14,Eddie Nketiah,FW,175,72,24,TRUE,FALSE,home,"{'possession': {'18': 1.0, '27': 1.0, '44': 1.0, '46': 1.0, '47': 1.0, '50': 1.0, '54': 1.0, '56': 1.0, '73': 1.0}, 'ratings': {'0': 6.0, '8': 6.05, '9': 6.03, '18': 6.03, '20': 6.11, '22': 6.15, '25': 6.18, '26': 6.17, '27': 6.17, '29': 6.15, '44': 6.14, '46': 6.13, '47': 6.13, '48': 6.1, '50': 6.09, '54': 6.09, '56': 6.09, '58': 6.07, '64': 6.12, '70': 6.1, '73': 6.11, '76': 6.16}, 'shotsTotal': {'8': 1.0, '25': 1.0, '64': 1.0}, 'shotsOffTarget': {'8': 1.0, '25': 1.0, '64': 1.0}, 'touches': {'6': 1.0, '8': 1.0, '9': 1.0, '18': 1.0, '20': 1.0, '22': 1.0, '25': 1.0, '27': 1.0, '32': 1.0, '44': 1.0, '46': 1.0, '47': 1.0, '48': 1.0, '50': 1.0, '54': 1.0, '56': 1.0, '63': 1.0, '64': 1.0, '73': 1.0}, 'passesTotal': {'27': 1.0, '44': 1.0, '47': 1.0, '54': 1.0, '73': 1.0, '18': 1.0, '46': 1.0, '56': 1.0}, 'passesAccurate': {'27': 1.0, '44': 1.0, '47': 1.0, '54': 1.0, '73': 1.0}, 'passSuccess': {'27': 100.0, '44': 100.0, '47': 100.0, '54': 100.0, '73': 100.0, '18': 0.0, '46': 0.0, '56': 0.0}, 'aerialsTotal': {'8': 1.0, '64': 1.0, '29': 1.0, '58': 1.0, '70': 1.0}, 'aerialsWon': {'8': 1.0, '64': 1.0}, 'aerialSuccess': {'29': 0.0, '58': 0.0, '70': 0.0}, 'offensiveAerials': {'8': 1.0, '29': 1.0, '64': 1.0}, 'defensiveAerials': {'58': 1.0, '70': 1.0}, 'cornersTotal': {'50': 1.0}, 'offsidesCaught': {'44': 1.0}, 'foulsCommited': {'26': 1.0}, 'tacklesTotal': {'20': 1.0}, 'tackleSuccessful': {'20': 1.0}, 'tackleSuccess': {'20': 100.0}, 'dribblesAttempted': {'9': 1.0}, 'dribblesLost': {'9': 1.0}, 'dispossessed': {'48': 1.0}}",326413,2,76,,,,13,1729305,E.Nketiah,74,38,,,,0,75,75,6.18,3,0,8,5,0
113994,19,Leandro Trossard,FWL,172,61,28,TRUE,FALSE,home,"{'possession': {'8': 1.0, '11': 1.0, '23': 1.0, '24': 1.0, '38': 1.0, '39': 1.0, '43': 1.0, '44': 2.0}, 'ratings': {'0': 6.0, '8': 6.1, '11': 6.1, '23': 6.1, '24': 6.1, '37': 6.07, '38': 6.08, '39': 6.08, '43': 6.08, '44': 6.09, '47': 6.14}, 'touches': {'4': 1.0, '8': 1.0, '11': 1.0, '15': 1.0, '23': 1.0, '24': 1.0, '37': 2.0, '38': 1.0, '39': 1.0, '43': 1.0, '44': 2.0}, 'passesTotal': {'8': 1.0, '11': 1.0, '23': 1.0, '24': 1.0, '38': 1.0, '39': 1.0, '43': 1.0, '44': 2.0}, 'passesAccurate': {'8': 1.0, '11': 1.0, '23': 1.0, '24': 1.0, '38': 1.0, '39': 1.0, '43': 1.0, '44': 2.0}, 'passesKey': {'8': 1.0}, 'passSuccess': {'8': 100.0, '11': 100.0, '23': 100.0, '24': 100.0, '38': 100.0, '39': 100.0, '43': 100.0, '44': 100.0}, 'dispossessed': {'37': 1.0}}",380706,2,47,,,,13,1729305,L.Trossard,45,0,,,,0,45,45,6.14,0,0,9,9,1
380706,11,Gabriel Martinelli,Sub,178,75,22,,FALSE,home,"{'possession': {'48': 2.0, '51': 1.0, '63': 1.0, '67': 1.0, '76': 1.0, '79': 1.0, '80': 1.0, '91': 1.0}, 'ratings': {'47': 6.0, '48': 6.0, '51': 5.99, '52': 6.15, '56': 6.14, '58': 6.19, '63': 6.19, '67': 6.26, '72': 6.29, '75': 6.63, '76': 6.71, '79': 6.72, '80': 6.73, '81': 6.66, '82': 6.63, '87': 7.68, '91': 7.69, '96': 7.72}, 'shotsTotal': {'52': 1.0, '87': 1.0}, 'shotsOnTarget': {'52': 1.0, '87': 1.0}, 'clearances': {'58': 1.0}, 'touches': {'48': 2.0, '51': 1.0, '52': 1.0, '58': 1.0, '63': 1.0, '67': 1.0, '72': 1.0, '75': 2.0, '76': 1.0, '79': 1.0, '80': 1.0, '81': 1.0, '82': 1.0, '87': 2.0, '91': 1.0}, 'passesTotal': {'48': 1.0, '63': 1.0, '76': 1.0, '79': 1.0, '80': 1.0, '91': 1.0, '67': 1.0}, 'passesAccurate': {'48': 1.0, '63': 1.0, '76': 1.0, '79': 1.0, '80': 1.0, '91': 1.0}, 'passesKey': {'76': 1.0}, 'passSuccess': {'48': 100.0, '63': 100.0, '76': 100.0, '79': 100.0, '80': 100.0, '91': 100.0, '67': 0.0}, 'aerialsTotal': {'67': 1.0}, 'aerialsWon': {'67': 1.0}, 'defensiveAerials': {'67': 1.0}, 'foulsCommited': {'56': 1.0}, 'tacklesTotal': {'81': 1.0}, 'tackleUnsuccesful': {'81': 1.0}, 'dribbledPast': {'81': 1.0}, 'dribblesWon': {'75': 2.0}, 'dribblesAttempted': {'75': 2.0, '87': 1.0}, 'dribblesLost': {'87': 1.0}, 'dribbleSuccess': {'75': 100.0, '87': 0.0}}",,,,2,47,113994,13,1729305,G.Martinelli,45,0,,,,45,90,45,7.72,2,2,7,6,1
326413,29,Kai Havertz,Sub,193,83,24,,FALSE,home,"{'possession': {'85': 1.0, '86': 1.0, '87': 1.0, '91': 4.0, '92': 1.0}, 'ratings': {'76': 6.0, '78': 5.98, '85': 5.99, '86': 5.99, '87': 6.61, '90': 6.58, '91': 6.58, '92': 6.58, '94': 6.55, '96': 6.58}, 'touches': {'78': 1.0, '85': 1.0, '86': 1.0, '87': 1.0, '91': 4.0, '92': 1.0, '94': 2.0}, 'passesTotal': {'85': 1.0, '86': 1.0, '87': 1.0, '91': 4.0, '92': 1.0}, 'passesAccurate': {'85': 1.0, '86': 1.0, '87': 1.0, '91': 3.0, '92': 1.0}, 'passesKey': {'87': 1.0}, 'passSuccess': {'85': 100.0, '86': 100.0, '87': 100.0, '91': 75.0, '92': 100.0}, 'aerialsTotal': {'78': 1.0}, 'offensiveAerials': {'78': 1.0}, 'tacklesTotal': {'90': 1.0}, 'tackleUnsuccesful': {'90': 1.0}, 'dribbledPast': {'90': 1.0}, 'dispossessed': {'94': 1.0}}",,,,2,76,345845,13,1729305,K.Havertz,74,38,,,,75,90,15,6.61,0,0,8,7,1
238940,5,Thomas Partey,Sub,185,77,30,,FALSE,home,"{'possession': {'77': 2.0, '78': 2.0, '79': 3.0, '81': 2.0, '85': 3.0, '87': 2.0, '90': 1.0, '91': 1.0, '95': 2.0}, 'ratings': {'76': 6.0, '77': 6.01, '78': 6.02, '79': 6.03, '81': 6.04, '85': 6.05, '87': 6.15, '90': 6.15, '91': 6.16, '95': 6.15, '96': 6.18}, 'touches': {'77': 2.0, '78': 2.0, '79': 3.0, '81': 2.0, '85': 3.0, '87': 2.0, '90': 1.0, '91': 1.0, '95': 2.0}, 'passesTotal': {'77': 2.0, '78': 2.0, '79': 3.0, '81': 2.0, '85': 3.0, '87': 2.0, '90': 1.0, '91': 1.0, '95': 2.0}, 'passesAccurate': {'77': 2.0, '78': 2.0, '79': 3.0, '81': 2.0, '85': 3.0, '87': 2.0, '90': 1.0, '91': 1.0, '95': 1.0}, 'passSuccess': {'77': 100.0, '78': 100.0, '79': 100.0, '81': 100.0, '85': 100.0, '87': 100.0, '90': 100.0, '91': 100.0, '95': 50.0}}",,,,2,76,106968,13,1729305,T.Partey,74,54,,,,75,90,15,6.18,0,0,18,17,0
377283,18,Takehiro Tomiyasu,Sub,187,70,24,,FALSE,home,"{'possession': {'79': 1.0, '80': 1.0, '87': 1.0, '90': 1.0, '91': 2.0}, 'ratings': {'76': 6.0, '79': 6.0, '80': 6.01, '87': 6.11, '90': 6.11, '91': 6.12, '96': 6.15}, 'touches': {'79': 1.0, '80': 1.0, '81': 1.0, '86': 1.0, '87': 2.0, '90': 2.0, '91': 2.0}, 'passesTotal': {'79': 1.0, '80': 1.0, '87': 1.0, '90': 1.0, '91': 2.0}, 'passesAccurate': {'79': 1.0, '80': 1.0, '87': 1.0, '90': 1.0, '91': 2.0}, 'passSuccess': {'79': 100.0, '80': 100.0, '87': 100.0, '90': 100.0, '91': 100.0}, 'throwInsTotal': {'81': 1.0, '86': 1.0, '87': 1.0, '90': 1.0}, 'throwInsAccurate': {'81': 1.0, '86': 1.0, '87': 1.0}}",,,,2,76,273257,13,1729305,T.Tomiyasu,74,28,,,,75,90,15,6.15,0,0,6,6,0
424462,15,Jakub Kiwior,Sub,189,75,23,,FALSE,home,{},,,,,,,13,1729305,J.Kiwior,,,,,,90,90,0,0,0,0,0,0,0
394924,21,Fábio Vieira,Sub,170,58,23,,FALSE,home,{},,,,,,,13,1729305,F.Vieira,,,,,,90,90,0,0,0,0,0,0,0
316858,1,Aaron Ramsdale,Sub,188,88,25,,FALSE,home,{},,,,,,,13,1729305,A.Ramsdale,,,,,,90,90,0,0,0,0,0,0,0
342564,24,Reiss Nelson,Sub,175,71,23,,FALSE,home,{},,,,,,,13,1729305,R.Nelson,,,,,,90,90,0,0,0,0,0,0,0
363686,10,Emile Smith Rowe,Sub,182,79,23,,FALSE,home,{},,,,,,,13,1729305,E.Rowe,,,,,,90,90,0,0,0,0,0,0,0
121774,31,Ederson,GK,188,86,30,TRUE,FALSE,away,"{'totalSaves': {'52': 1.0}, 'collected': {'52': 1.0}, 'possession': {'0': 2.0, '2': 1.0, '5': 2.0, '6': 2.0, '7': 1.0, '9': 1.0, '10': 2.0, '11': 1.0, '12': 1.0, '20': 2.0, '25': 1.0, '26': 3.0, '31': 2.0, '32': 1.0, '33': 1.0, '40': 1.0, '41': 1.0, '42': 1.0, '45': 1.0, '48': 1.0, '49': 1.0, '50': 3.0, '51': 1.0, '52': 1.0, '53': 1.0, '54': 2.0, '56': 1.0, '59': 2.0, '61': 1.0, '64': 1.0, '65': 2.0, '67': 1.0, '77': 2.0, '80': 2.0, '89': 1.0, '92': 1.0, '95': 2.0}, 'ratings': {'0': 5.98, '2': 5.98, '5': 6.0, '6': 6.0, '7': 6.0, '9': 6.0, '10': 5.99, '11': 6.0, '12': 6.01, '20': 6.01, '25': 6.02, '26': 6.03, '30': 6.04, '31': 6.04, '32': 6.04, '33': 6.05, '40': 6.06, '41': 6.06, '42': 6.07, '45': 6.07, '48': 6.07, '49': 6.07, '50': 6.08, '51': 6.2, '52': 6.41, '53': 6.42, '54': 6.41, '56': 6.42, '59': 6.42, '61': 6.41, '64': 6.43, '65': 6.43, '67': 6.43, '77': 6.43, '80': 6.42, '87': 6.02, '89': 6.01, '92': 6.01, '94': 5.91, '95': 5.91}, 'clearances': {'51': 1.0}, 'touches': {'0': 2.0, '2': 1.0, '5': 2.0, '6': 2.0, '7': 1.0, '9': 1.0, '10': 2.0, '11': 1.0, '12': 1.0, '20': 2.0, '25': 1.0, '26': 3.0, '30': 1.0, '31': 2.0, '32': 1.0, '33': 1.0, '40': 1.0, '41': 1.0, '42': 1.0, '45': 1.0, '48': 1.0, '49': 1.0, '50': 3.0, '51': 2.0, '52': 2.0, '53': 1.0, '54': 2.0, '56': 1.0, '59': 2.0, '61': 1.0, '64': 1.0, '65': 2.0, '67': 1.0, '77': 2.0, '80': 2.0, '89': 1.0, '92': 1.0, '95': 2.0}, 'passesTotal': {'2': 1.0, '5': 1.0, '6': 2.0, '7': 1.0, '9': 1.0, '10': 2.0, '11': 1.0, '12': 1.0, '20': 2.0, '25': 1.0, '26': 3.0, '31': 1.0, '32': 1.0, '33': 1.0, '40': 1.0, '41': 1.0, '42': 1.0, '45': 1.0, '48': 1.0, '49': 1.0, '50': 2.0, '53': 1.0, '56': 1.0, '59': 2.0, '64': 1.0, '65': 2.0, '67': 1.0, '77': 2.0, '80': 2.0, '92': 1.0, '95': 2.0, '0': 2.0, '51': 1.0, '54': 1.0, '61': 1.0, '89': 1.0}, 'passesAccurate': {'2': 1.0, '5': 1.0, '6': 2.0, '7': 1.0, '9': 1.0, '10': 1.0, '11': 1.0, '12': 1.0, '20': 2.0, '25': 1.0, '26': 3.0, '31': 1.0, '32': 1.0, '33': 1.0, '40': 1.0, '41': 1.0, '42': 1.0, '45': 1.0, '48': 1.0, '49': 1.0, '50': 2.0, '53': 1.0, '56': 1.0, '59': 2.0, '64': 1.0, '65': 2.0, '67': 1.0, '77': 2.0, '80': 1.0, '92': 1.0, '95': 1.0}, 'passSuccess': {'2': 100.0, '5': 100.0, '6': 100.0, '7': 100.0, '9': 100.0, '10': 50.0, '11': 100.0, '12': 100.0, '20': 100.0, '25': 100.0, '26': 100.0, '31': 100.0, '32': 100.0, '33': 100.0, '40': 100.0, '41': 100.0, '42': 100.0, '45': 100.0, '48': 100.0, '49': 100.0, '50': 100.0, '53': 100.0, '56': 100.0, '59': 100.0, '64': 100.0, '65': 100.0, '67': 100.0, '77': 100.0, '80': 50.0, '92': 100.0, '95': 50.0, '0': 0.0, '51': 0.0, '54': 0.0, '61': 0.0, '89': 0.0}, 'aerialsTotal': {'51': 1.0}, 'aerialsWon': {'51': 1.0}, 'defensiveAerials': {'51': 1.0}}",,,,,,,167,1729305,E.Ederson,,,,,,0,90,90,6.43,0,0,48,39,0
69778,2,Kyle Walker,DR,178,80,33,TRUE,FALSE,away,"{'possession': {'1': 1.0, '2': 2.0, '5': 1.0, '6': 1.0, '7': 1.0, '12': 1.0, '13': 1.0, '16': 1.0, '20': 2.0, '21': 1.0, '24': 1.0, '25': 2.0, '31': 2.0, '32': 1.0, '41': 1.0, '42': 1.0, '45': 1.0, '46': 1.0, '47': 1.0, '54': 2.0, '59': 3.0, '61': 2.0, '65': 1.0, '67': 1.0, '68': 1.0, '70': 2.0, '71': 2.0, '73': 1.0, '74': 1.0, '77': 1.0, '81': 1.0, '82': 1.0, '83': 2.0, '92': 1.0, '95': 1.0}, 'ratings': {'0': 6.0, '1': 6.0, '2': 6.01, '5': 6.01, '6': 6.01, '7': 6.01, '12': 6.01, '13': 6.02, '16': 6.01, '20': 6.01, '21': 6.01, '23': 6.02, '24': 6.02, '25': 6.03, '31': 6.03, '32': 6.03, '39': 6.17, '41': 6.17, '42': 6.17, '45': 6.17, '46': 6.16, '47': 6.15, '54': 6.16, '59': 6.17, '61': 6.17, '64': 6.22, '65': 6.22, '67': 6.23, '68': 6.23, '70': 6.25, '71': 6.26, '72': 6.24, '73': 6.24, '74': 6.52, '75': 6.49, '77': 6.49, '78': 6.62, '81': 6.62, '82': 6.63, '83': 6.62, '87': 6.45, '92': 6.46, '95': 6.46}, 'clearances': {'64': 1.0, '78': 1.0}, 'interceptions': {'74': 1.0}, 'touches': {'1': 1.0, '2': 2.0, '3': 1.0, '5': 1.0, '6': 2.0, '7': 1.0, '12': 1.0, '13': 1.0, '16': 1.0, '20': 2.0, '21': 1.0, '24': 1.0, '25': 2.0, '31': 2.0, '32': 1.0, '39': 1.0, '41': 1.0, '42': 1.0, '45': 1.0, '46': 1.0, '47': 1.0, '54': 2.0, '55': 1.0, '56': 1.0, '59': 3.0, '61': 2.0, '64': 1.0, '65': 1.0, '67': 1.0, '68': 1.0, '70': 2.0, '71': 2.0, '73': 1.0, '74': 3.0, '77': 1.0, '78': 1.0, '81': 1.0, '82': 1.0, '83': 2.0, '84': 1.0, '87': 1.0, '90': 1.0, '92': 1.0, '95': 1.0}, 'passesTotal': {'1': 1.0, '2': 2.0, '5': 1.0, '6': 1.0, '7': 1.0, '12': 1.0, '13': 1.0, '20': 2.0, '21': 1.0, '24': 1.0, '25': 2.0, '31': 2.0, '32': 1.0, '41': 1.0, '42': 1.0, '45': 1.0, '54': 2.0, '59': 3.0, '61': 2.0, '65': 1.0, '67': 1.0, '68': 1.0, '70': 2.0, '71': 2.0, '73': 1.0, '74': 1.0, '77': 1.0, '81': 1.0, '82': 1.0, '83': 2.0, '92': 1.0, '95': 1.0, '46': 1.0, '47': 1.0}, 'passesAccurate': {'1': 1.0, '2': 2.0, '5': 1.0, '6': 1.0, '7': 1.0, '12': 1.0, '13': 1.0, '20': 1.0, '21': 1.0, '24': 1.0, '25': 2.0, '31': 2.0, '32': 1.0, '41': 1.0, '42': 1.0, '45': 1.0, '54': 2.0, '59': 3.0, '61': 2.0, '65': 1.0, '67': 1.0, '68': 1.0, '70': 2.0, '71': 2.0, '73': 1.0, '74': 1.0, '77': 1.0, '81': 1.0, '82': 1.0, '83': 1.0, '92': 1.0, '95': 1.0}, 'passSuccess': {'1': 100.0, '2': 100.0, '5': 100.0, '6': 100.0, '7': 100.0, '12': 100.0, '13': 100.0, '20': 50.0, '21': 100.0, '24': 100.0, '25': 100.0, '31': 100.0, '32': 100.0, '41': 100.0, '42': 100.0, '45': 100.0, '54': 100.0, '59': 100.0, '61': 100.0, '65': 100.0, '67': 100.0, '68': 100.0, '70': 100.0, '71': 100.0, '73': 100.0, '74': 100.0, '77': 100.0, '81': 100.0, '82': 100.0, '83': 50.0, '92': 100.0, '95': 100.0, '46': 0.0, '47': 0.0}, 'aerialsTotal': {'78': 1.0}, 'aerialsWon': {'78': 1.0}, 'defensiveAerials': {'78': 1.0}, 'cornersTotal': {'3': 1.0}, 'throwInsTotal': {'3': 1.0, '6': 1.0, '55': 1.0, '56': 1.0, '84': 1.0, '87': 1.0}, 'throwInsAccurate': {'6': 1.0, '55': 1.0, '56': 1.0, '84': 1.0}, 'foulsCommited': {'72': 1.0}, 'tacklesTotal': {'39': 1.0, '75': 1.0}, 'tackleSuccessful': {'39': 1.0}, 'tackleUnsuccesful': {'75': 1.0}, 'tackleSuccess': {'39': 100.0, '75': 0.0}, 'dribbledPast': {'75': 1.0}, 'dribblesWon': {'74': 1.0}, 'dribblesAttempted': {'74': 1.0}, 'dribbleSuccess': {'74': 100.0}}",,,,,,,167,1729305,K.Walker,,,,,,0,90,90,6.63,0,0,45,41,0
122945,6,Nathan Aké,DC,180,75,28,TRUE,FALSE,away,"{'possession': {'0': 1.0, '1': 3.0, '2': 1.0, '6': 2.0, '7': 2.0, '9': 1.0, '10': 2.0, '13': 3.0, '15': 2.0, '20': 1.0, '21': 4.0, '26': 2.0, '31': 1.0, '32': 1.0, '39': 2.0, '41': 2.0, '42': 4.0, '45': 2.0, '47': 1.0, '50': 1.0, '52': 1.0, '53': 1.0, '59': 2.0, '61': 2.0, '65': 3.0, '66': 1.0, '68': 1.0, '71': 3.0, '73': 3.0, '74': 2.0, '77': 1.0, '80': 1.0, '82': 2.0, '83': 3.0, '93': 1.0}, 'ratings': {'0': 6.01, '1': 6.05, '2': 6.05, '4': 5.95, '6': 5.95, '7': 5.94, '9': 5.95, '10': 5.95, '13': 5.95, '15': 5.96, '20': 5.97, '21': 5.98, '26': 5.97, '31': 5.97, '32': 5.97, '34': 6.02, '39': 6.03, '41': 6.03, '42': 6.04, '44': 6.05, '45': 6.06, '47': 6.04, '48': 6.13, '50': 6.13, '52': 6.11, '53': 6.12, '54': 6.25, '59': 6.25, '61': 6.26, '65': 6.27, '66': 6.27, '68': 6.27, '71': 6.28, '73': 6.29, '74': 6.3, '77': 6.3, '80': 6.3, '82': 6.3, '83': 6.31, '86': 6.5, '87': 6.3, '93': 6.29}, 'shotsTotal': {'4': 1.0}, 'shotsOffTarget': {'4': 1.0}, 'clearances': {'34': 1.0, '86': 1.0}, 'touches': {'0': 1.0, '1': 4.0, '2': 1.0, '4': 1.0, '6': 2.0, '7': 2.0, '9': 1.0, '10': 2.0, '13': 3.0, '15': 2.0, '20': 1.0, '21': 4.0, '26': 2.0, '31': 1.0, '32': 1.0, '34': 1.0, '39': 2.0, '41': 2.0, '42': 4.0, '45': 2.0, '47': 1.0, '48': 1.0, '50': 1.0, '52': 1.0, '53': 1.0, '54': 1.0, '59': 2.0, '60': 1.0, '61': 2.0, '63': 1.0, '65': 3.0, '66': 1.0, '68': 1.0, '71': 3.0, '73': 3.0, '74': 2.0, '77': 1.0, '80': 1.0, '82': 2.0, '83': 3.0, '86': 2.0, '93': 1.0}, 'passesTotal': {'0': 1.0, '1': 3.0, '2': 1.0, '6': 2.0, '7': 2.0, '9': 1.0, '10': 2.0, '13': 3.0, '15': 2.0, '20': 1.0, '21': 4.0, '26': 2.0, '31': 1.0, '32': 1.0, '39': 2.0, '41': 2.0, '42': 4.0, '45': 2.0, '50': 1.0, '53': 1.0, '59': 2.0, '61': 2.0, '65': 3.0, '66': 1.0, '68': 1.0, '71': 3.0, '73': 3.0, '74': 2.0, '77': 1.0, '80': 1.0, '82': 2.0, '83': 3.0, '47': 1.0, '52': 1.0, '93': 1.0}, 'passesAccurate': {'0': 1.0, '1': 3.0, '2': 1.0, '6': 2.0, '7': 1.0, '9': 1.0, '10': 2.0, '13': 3.0, '15': 2.0, '20': 1.0, '21': 4.0, '26': 1.0, '31': 1.0, '32': 1.0, '39': 2.0, '41': 1.0, '42': 4.0, '45': 2.0, '50': 1.0, '53': 1.0, '59': 2.0, '61': 2.0, '65': 3.0, '66': 1.0, '68': 1.0, '71': 3.0, '73': 3.0, '74': 2.0, '77': 1.0, '80': 1.0, '82': 2.0, '83': 3.0}, 'passSuccess': {'0': 100.0, '1': 100.0, '2': 100.0, '6': 100.0, '7': 50.0, '9': 100.0, '10': 100.0, '13': 100.0, '15': 100.0, '20': 100.0, '21': 100.0, '26': 50.0, '31': 100.0, '32': 100.0, '39': 100.0, '41': 50.0, '42': 100.0, '45': 100.0, '50': 100.0, '53': 100.0, '59': 100.0, '61': 100.0, '65': 100.0, '66': 100.0, '68': 100.0, '71': 100.0, '73': 100.0, '74': 100.0, '77': 100.0, '80': 100.0, '82': 100.0, '83': 100.0, '47': 0.0, '52': 0.0, '93': 0.0}, 'throwInsTotal': {'60': 1.0}, 'throwInsAccurate': {'60': 1.0}, 'tacklesTotal': {'54': 1.0, '86': 1.0, '48': 1.0}, 'tackleSuccessful': {'54': 1.0, '86': 1.0, '48': 1.0}, 'tackleSuccess': {'54': 100.0, '86': 100.0, '48': 100.0}}",,,,,,,167,1729305,N.Aké,,,,,,0,90,90,6.5,1,0,65,59,0
313171,3,Rúben Dias,DC,186,76,26,TRUE,FALSE,away,"{'possession': {'1': 2.0, '2': 4.0, '5': 2.0, '6': 1.0, '7': 1.0, '10': 2.0, '11': 1.0, '12': 3.0, '13': 4.0, '15': 5.0, '19': 1.0, '20': 1.0, '21': 2.0, '23': 1.0, '24': 1.0, '25': 1.0, '31': 1.0, '32': 3.0, '39': 1.0, '41': 1.0, '42': 4.0, '43': 1.0, '45': 5.0, '49': 1.0, '50': 2.0, '54': 1.0, '56': 1.0, '58': 1.0, '59': 1.0, '60': 1.0, '61': 5.0, '65': 1.0, '66': 2.0, '67': 1.0, '68': 3.0, '70': 3.0, '71': 2.0, '73': 3.0, '74': 1.0, '77': 1.0, '81': 2.0, '82': 3.0, '83': 4.0, '91': 1.0, '95': 2.0}, 'ratings': {'0': 6.0, '1': 6.0, '2': 6.01, '5': 6.01, '6': 6.0, '7': 6.0, '9': 6.02, '10': 6.02, '11': 6.02, '12': 6.02, '13': 6.02, '15': 6.03, '19': 6.02, '20': 6.02, '21': 6.03, '23': 6.03, '24': 6.02, '25': 6.0, '27': 6.05, '31': 6.05, '32': 6.05, '39': 6.05, '41': 6.05, '42': 6.07, '43': 6.07, '45': 6.08, '49': 6.07, '50': 6.07, '54': 6.08, '56': 6.08, '58': 6.07, '59': 6.07, '60': 6.07, '61': 6.08, '65': 6.08, '66': 6.07, '67': 6.07, '68': 6.08, '70': 6.17, '71': 6.17, '73': 6.18, '74': 6.18, '77': 6.19, '81': 6.19, '82': 6.19, '83': 6.2, '87': 6.0, '91': 5.99, '95': 6.0}, 'clearances': {'27': 1.0}, 'touches': {'1': 2.0, '2': 4.0, '5': 2.0, '6': 1.0, '7': 1.0, '10': 2.0, '11': 1.0, '12': 3.0, '13': 4.0, '15': 5.0, '19': 1.0, '20': 1.0, '21': 2.0, '23': 1.0, '24': 1.0, '25': 1.0, '27': 1.0, '31': 1.0, '32': 4.0, '39': 1.0, '41': 1.0, '42': 4.0, '43': 1.0, '45': 5.0, '49': 1.0, '50': 2.0, '54': 1.0, '56': 1.0, '58': 1.0, '59': 1.0, '60': 1.0, '61': 5.0, '65': 1.0, '66': 2.0, '67': 1.0, '68': 3.0, '70': 3.0, '71': 2.0, '73': 3.0, '74': 1.0, '77': 1.0, '81': 2.0, '82': 3.0, '83': 4.0, '91': 1.0, '95': 2.0}, 'passesTotal': {'1': 2.0, '2': 4.0, '5': 2.0, '7': 1.0, '10': 2.0, '11': 1.0, '12': 3.0, '13': 4.0, '15': 5.0, '20': 1.0, '21': 2.0, '23': 1.0, '31': 1.0, '32': 3.0, '39': 1.0, '41': 1.0, '42': 4.0, '43': 1.0, '45': 5.0, '50': 2.0, '54': 1.0, '56': 1.0, '59': 1.0, '60': 1.0, '61': 5.0, '65': 1.0, '66': 1.0, '67': 1.0, '68': 3.0, '70': 3.0, '71': 2.0, '73': 3.0, '74': 1.0, '77': 1.0, '81': 2.0, '82': 3.0, '83': 4.0, '95': 2.0, '6': 1.0, '19': 1.0, '24': 1.0, '25': 1.0, '49': 1.0, '58': 1.0, '91': 1.0}, 'passesAccurate': {'1': 2.0, '2': 4.0, '5': 2.0, '7': 1.0, '10': 2.0, '11': 1.0, '12': 2.0, '13': 3.0, '15': 5.0, '20': 1.0, '21': 2.0, '23': 1.0, '31': 1.0, '32': 2.0, '39': 1.0, '41': 1.0, '42': 4.0, '43': 1.0, '45': 5.0, '50': 2.0, '54': 1.0, '56': 1.0, '59': 1.0, '60': 1.0, '61': 4.0, '65': 1.0, '66': 1.0, '67': 1.0, '68': 3.0, '70': 2.0, '71': 2.0, '73': 3.0, '74': 1.0, '77': 1.0, '81': 2.0, '82': 3.0, '83': 4.0, '95': 2.0}, 'passSuccess': {'1': 100.0, '2': 100.0, '5': 100.0, '7': 100.0, '10': 100.0, '11': 100.0, '12': 66.67, '13': 75.0, '15': 100.0, '20': 100.0, '21': 100.0, '23': 100.0, '31': 100.0, '32': 66.67, '39': 100.0, '41': 100.0, '42': 100.0, '43': 100.0, '45': 100.0, '50': 100.0, '54': 100.0, '56': 100.0, '59': 100.0, '60': 100.0, '61': 80.0, '65': 100.0, '66': 100.0, '67': 100.0, '68': 100.0, '70': 66.67, '71': 100.0, '73': 100.0, '74': 100.0, '77': 100.0, '81': 100.0, '82': 100.0, '83': 100.0, '95': 100.0, '6': 0.0, '19': 0.0, '24': 0.0, '25': 0.0, '49': 0.0, '58': 0.0, '91': 0.0}, 'aerialsTotal': {'70': 1.0}, 'aerialsWon': {'70': 1.0}, 'offensiveAerials': {'70': 1.0}, 'cornersTotal': {'66': 1.0}, 'throwInsTotal': {'32': 1.0}, 'throwInsAccurate': {'32': 1.0}}",,,,,,,167,1729305,R.Dias,,,,,,0,90,90,6.2,0,0,89,77,0
402664,24,Josko Gvardiol,DL,185,80,21,TRUE,FALSE,away,"{'possession': {'0': 1.0, '1': 1.0, '2': 1.0, '3': 1.0, '5': 1.0, '6': 1.0, '7': 1.0, '10': 1.0, '12': 2.0, '18': 1.0, '19': 1.0, '20': 2.0, '21': 3.0, '26': 2.0, '29': 1.0, '38': 1.0, '39': 1.0, '40': 3.0, '47': 1.0, '49': 1.0, '53': 1.0, '56': 1.0, '58': 1.0, '59': 2.0, '65': 1.0, '71': 1.0, '74': 1.0, '80': 1.0, '82': 1.0, '83': 2.0, '92': 1.0, '93': 1.0, '94': 1.0, '96': 1.0}, 'ratings': {'0': 5.99, '1': 5.99, '2': 5.99, '3': 6.02, '5': 6.03, '6': 6.03, '7': 5.98, '8': 6.06, '10': 6.07, '12': 6.07, '14': 6.17, '17': 6.15, '18': 6.14, '19': 6.15, '20': 6.15, '21': 6.15, '26': 6.16, '29': 6.22, '35': 6.36, '37': 6.46, '38': 6.46, '39': 6.45, '40': 6.46, '47': 6.44, '49': 6.45, '53': 6.46, '54': 6.44, '56': 6.44, '58': 6.45, '59': 6.46, '63': 6.51, '65': 6.52, '68': 6.65, '71': 6.65, '74': 6.65, '80': 6.66, '82': 6.66, '83': 6.66, '85': 6.71, '87': 6.55, '92': 6.54, '93': 6.53, '94': 6.51, '96': 6.5}, 'shotsTotal': {'3': 1.0}, 'shotsOnTarget': {'3': 1.0}, 'clearances': {'63': 1.0, '85': 1.0}, 'interceptions': {'14': 1.0, '37': 1.0}, 'touches': {'0': 1.0, '1': 1.0, '2': 1.0, '3': 2.0, '4': 1.0, '5': 1.0, '6': 1.0, '7': 2.0, '8': 1.0, '9': 1.0, '10': 1.0, '12': 2.0, '14': 1.0, '18': 1.0, '19': 1.0, '20': 2.0, '21': 3.0, '26': 2.0, '27': 1.0, '29': 1.0, '31': 1.0, '35': 1.0, '36': 1.0, '37': 2.0, '38': 1.0, '39': 1.0, '40': 3.0, '47': 2.0, '49': 4.0, '53': 1.0, '54': 1.0, '56': 1.0, '58': 1.0, '59': 2.0, '61': 1.0, '63': 1.0, '65': 1.0, '68': 1.0, '71': 1.0, '74': 1.0, '80': 1.0, '82': 1.0, '83': 2.0, '85': 1.0, '92': 1.0, '93': 1.0, '94': 1.0, '95': 1.0, '96': 1.0}, 'passesTotal': {'1': 1.0, '2': 1.0, '5': 1.0, '6': 1.0, '10': 1.0, '12': 2.0, '19': 1.0, '20': 2.0, '21': 2.0, '26': 2.0, '29': 1.0, '38': 1.0, '40': 3.0, '53': 1.0, '56': 1.0, '58': 1.0, '59': 2.0, '65': 1.0, '71': 1.0, '74': 1.0, '80': 1.0, '82': 1.0, '83': 2.0, '0': 1.0, '3': 1.0, '7': 1.0, '18': 1.0, '47': 1.0, '49': 1.0, '92': 1.0, '93': 1.0, '94': 1.0, '96': 1.0}, 'passesAccurate': {'1': 1.0, '2': 1.0, '5': 1.0, '6': 1.0, '10': 1.0, '12': 2.0, '19': 1.0, '20': 1.0, '21': 2.0, '26': 2.0, '29': 1.0, '38': 1.0, '40': 2.0, '53': 1.0, '56': 1.0, '58': 1.0, '59': 2.0, '65': 1.0, '71': 1.0, '74': 1.0, '80': 1.0, '82': 1.0, '83': 2.0}, 'passSuccess': {'1': 100.0, '2': 100.0, '5': 100.0, '6': 100.0, '10': 100.0, '12': 100.0, '19': 100.0, '20': 50.0, '21': 100.0, '26': 100.0, '29': 100.0, '38': 100.0, '40': 66.67, '53': 100.0, '56': 100.0, '58': 100.0, '59': 100.0, '65': 100.0, '71': 100.0, '74': 100.0, '80': 100.0, '82': 100.0, '83': 100.0, '0': 0.0, '3': 0.0, '7': 0.0, '18': 0.0, '47': 0.0, '49': 0.0, '92': 0.0, '93': 0.0, '94': 0.0, '96': 0.0}, 'aerialsTotal': {'29': 1.0}, 'aerialsWon': {'29': 1.0}, 'defensiveAerials': {'29': 1.0}, 'cornersTotal': {'40': 1.0}, 'throwInsTotal': {'27': 1.0, '31': 1.0, '36': 1.0, '49': 1.0, '95': 1.0}, 'throwInsAccurate': {'27': 1.0, '31': 1.0, '36': 1.0, '49': 1.0, '95': 1.0}, 'foulsCommited': {'17': 1.0, '29': 1.0}, 'tacklesTotal': {'35': 1.0, '68': 1.0}, 'tackleSuccessful': {'35': 1.0, '68': 1.0}, 'tackleSuccess': {'35': 100.0, '68': 100.0}, 'dribblesAttempted': {'54': 1.0}, 'dribblesLost': {'54': 1.0}, 'dispossessed': {'7': 1.0}}",,,,,,,167,1729305,J.Gvardiol,,,,,,0,90,90,6.71,1,1,41,29,0
93894,8,Mateo Kovacic,MC,177,78,29,TRUE,FALSE,away,"{'possession': {'0': 1.0, '1': 2.0, '2': 1.0, '9': 1.0, '10': 1.0, '12': 1.0, '13': 3.0, '19': 1.0, '20': 2.0, '21': 1.0, '26': 1.0, '29': 1.0, '38': 1.0, '39': 3.0, '41': 1.0, '42': 3.0, '43': 1.0, '53': 1.0, '56': 1.0, '58': 1.0, '59': 2.0, '66': 3.0, '67': 2.0, '68': 2.0}, 'ratings': {'0': 6.0, '1': 6.0, '2': 6.01, '5': 5.98, '7': 6.11, '9': 6.2, '10': 6.2, '12': 6.2, '13': 6.21, '19': 6.21, '20': 6.18, '21': 6.18, '22': 6.32, '26': 6.32, '27': 6.27, '28': 6.17, '29': 6.18, '34': 6.16, '38': 6.17, '39': 6.18, '41': 6.18, '42': 6.18, '43': 6.17, '53': 6.18, '56': 6.18, '58': 6.18, '59': 6.19, '66': 6.2, '67': 6.2, '68': 6.2, '69': 6.35}, 'touches': {'0': 1.0, '1': 2.0, '2': 1.0, '5': 2.0, '6': 1.0, '7': 1.0, '9': 2.0, '10': 1.0, '12': 1.0, '13': 3.0, '19': 1.0, '20': 3.0, '21': 1.0, '22': 1.0, '26': 1.0, '27': 1.0, '29': 1.0, '38': 1.0, '39': 3.0, '41': 1.0, '42': 3.0, '43': 1.0, '53': 1.0, '56': 1.0, '58': 1.0, '59': 2.0, '66': 3.0, '67': 2.0, '68': 2.0}, 'passesTotal': {'0': 1.0, '1': 2.0, '2': 1.0, '9': 1.0, '10': 1.0, '12': 1.0, '13': 3.0, '19': 1.0, '20': 2.0, '21': 1.0, '26': 1.0, '29': 1.0, '38': 1.0, '39': 3.0, '41': 1.0, '42': 3.0, '53': 1.0, '56': 1.0, '58': 1.0, '59': 2.0, '66': 3.0, '67': 2.0, '68': 2.0, '43': 1.0}, 'passesAccurate': {'0': 1.0, '1': 2.0, '2': 1.0, '9': 1.0, '10': 1.0, '12': 1.0, '13': 3.0, '19': 1.0, '20': 2.0, '21': 1.0, '26': 1.0, '29': 1.0, '38': 1.0, '39': 3.0, '41': 1.0, '42': 3.0, '53': 1.0, '56': 1.0, '58': 1.0, '59': 2.0, '66': 3.0, '67': 2.0, '68': 2.0}, 'passSuccess': {'0': 100.0, '1': 100.0, '2': 100.0, '9': 100.0, '10': 100.0, '12': 100.0, '13': 100.0, '19': 100.0, '20': 100.0, '21': 100.0, '26': 100.0, '29': 100.0, '38': 100.0, '39': 100.0, '41': 100.0, '42': 100.0, '53': 100.0, '56': 100.0, '58': 100.0, '59': 100.0, '66': 100.0, '67': 100.0, '68': 100.0, '43': 0.0}, 'foulsCommited': {'27': 1.0, '34': 1.0}, 'tacklesTotal': {'7': 1.0, '22': 1.0, '9': 1.0}, 'tackleSuccessful': {'7': 1.0, '22': 1.0, '9': 1.0}, 'tackleSuccess': {'7': 100.0, '22': 100.0, '9': 100.0}, 'dispossessed': {'5': 1.0, '20': 1.0}}",394933,2,69,,,,167,1729305,M.Kovacic,67,33,,,,0,68,68,6.35,0,0,37,36,0
136741,20,Bernardo Silva,MC,173,64,29,TRUE,FALSE,away,"{'possession': {'1': 4.0, '2': 4.0, '5': 1.0, '6': 1.0, '10': 1.0, '12': 2.0, '13': 2.0, '15': 2.0, '20': 1.0, '21': 3.0, '22': 1.0, '23': 1.0, '26': 2.0, '29': 1.0, '31': 1.0, '32': 3.0, '39': 2.0, '41': 1.0, '42': 2.0, '43': 1.0, '45': 2.0, '47': 1.0, '48': 1.0, '49': 1.0, '56': 3.0, '59': 2.0, '61': 2.0, '65': 2.0, '66': 3.0, '67': 5.0, '68': 3.0, '70': 1.0, '71': 1.0, '73': 1.0, '83': 1.0, '92': 1.0}, 'ratings': {'0': 6.0, '1': 6.01, '2': 6.02, '5': 6.02, '6': 6.02, '10': 6.02, '12': 6.03, '13': 6.03, '15': 6.03, '19': 6.25, '20': 6.39, '21': 6.39, '22': 6.28, '23': 6.28, '26': 6.28, '29': 6.27, '31': 6.28, '32': 6.29, '37': 6.45, '39': 6.46, '41': 6.47, '42': 6.48, '43': 6.48, '45': 6.48, '47': 6.45, '48': 6.45, '49': 6.46, '50': 6.51, '56': 6.51, '59': 6.52, '61': 6.52, '65': 6.53, '66': 6.54, '67': 6.55, '68': 6.55, '70': 6.56, '71': 6.56, '73': 6.52, '75': 6.48, '83': 6.49, '87': 6.35, '92': 6.36}, 'touches': {'1': 4.0, '2': 4.0, '5': 1.0, '6': 1.0, '10': 1.0, '12': 2.0, '13': 2.0, '15': 2.0, '19': 2.0, '20': 2.0, '21': 3.0, '22': 1.0, '23': 1.0, '26': 2.0, '29': 1.0, '31': 1.0, '32': 3.0, '37': 2.0, '39': 2.0, '41': 1.0, '42': 2.0, '43': 1.0, '45': 2.0, '47': 2.0, '48': 1.0, '49': 1.0, '50': 1.0, '51': 1.0, '56': 3.0, '59': 2.0, '61': 2.0, '65': 2.0, '66': 3.0, '67': 5.0, '68': 3.0, '70': 1.0, '71': 1.0, '73': 1.0, '83': 1.0, '92': 1.0}, 'passesTotal': {'1': 4.0, '2': 4.0, '5': 1.0, '6': 1.0, '10': 1.0, '12': 2.0, '13': 2.0, '15': 2.0, '20': 1.0, '21': 3.0, '23': 1.0, '26': 2.0, '31': 1.0, '32': 3.0, '39': 2.0, '41': 1.0, '42': 2.0, '43': 1.0, '45': 2.0, '47': 1.0, '48': 1.0, '49': 1.0, '56': 3.0, '59': 2.0, '61': 2.0, '65': 2.0, '66': 3.0, '67': 5.0, '68': 3.0, '70': 1.0, '71': 1.0, '83': 1.0, '92': 1.0, '22': 1.0, '29': 1.0, '73': 1.0}, 'passesAccurate': {'1': 4.0, '2': 4.0, '5': 1.0, '6': 1.0, '10': 1.0, '12': 2.0, '13': 2.0, '15': 2.0, '20': 1.0, '21': 3.0, '23': 1.0, '26': 2.0, '31': 1.0, '32': 3.0, '39': 2.0, '41': 1.0, '42': 2.0, '43': 1.0, '45': 2.0, '47': 1.0, '48': 1.0, '49': 1.0, '56': 3.0, '59': 2.0, '61': 2.0, '65': 2.0, '66': 3.0, '67': 5.0, '68': 3.0, '70': 1.0, '71': 1.0, '83': 1.0, '92': 1.0}, 'passSuccess': {'1': 100.0, '2': 100.0, '5': 100.0, '6': 100.0, '10': 100.0, '12': 100.0, '13': 100.0, '15': 100.0, '20': 100.0, '21': 100.0, '23': 100.0, '26': 100.0, '31': 100.0, '32': 100.0, '39': 100.0, '41': 100.0, '42': 100.0, '43': 100.0, '45': 100.0, '47': 100.0, '48': 100.0, '49': 100.0, '56': 100.0, '59': 100.0, '61': 100.0, '65': 100.0, '66': 100.0, '67': 100.0, '68': 100.0, '70': 100.0, '71': 100.0, '83': 100.0, '92': 100.0, '22': 0.0, '29': 0.0, '73': 0.0}, 'foulsCommited': {'22': 1.0}, 'tacklesTotal': {'19': 2.0, '20': 1.0, '73': 1.0, '75': 1.0}, 'tackleSuccessful': {'19': 2.0, '20': 1.0}, 'tackleUnsuccesful': {'73': 1.0, '75': 1.0}, 'tackleSuccess': {'19': 100.0, '20': 100.0, '73': 0.0, '75': 0.0}, 'dribbledPast': {'73': 1.0, '75': 1.0}, 'dispossessed': {'47': 1.0}}",,,,,,,167,1729305,B.Silva,,,,,,0,90,90,6.56,0,0,66,63,0
444791,82,Rico Lewis,MC,169,0,18,TRUE,FALSE,away,"{'possession': {'1': 3.0, '2': 2.0, '6': 1.0, '10': 1.0, '11': 1.0, '12': 2.0, '15': 3.0, '21': 2.0, '23': 1.0, '37': 1.0, '38': 1.0, '39': 1.0, '42': 1.0, '45': 4.0, '50': 1.0, '54': 1.0, '61': 2.0, '66': 2.0, '68': 2.0}, 'ratings': {'0': 6.0, '1': 6.01, '2': 6.01, '6': 6.01, '10': 6.01, '11': 6.02, '12': 6.02, '15': 6.02, '21': 6.02, '23': 6.02, '26': 6.05, '37': 6.13, '38': 6.13, '39': 6.13, '42': 6.14, '45': 6.14, '50': 6.15, '51': 6.13, '54': 6.13, '56': 6.16, '61': 6.17, '66': 6.17, '67': 6.16, '68': 6.16, '69': 6.31}, 'touches': {'1': 3.0, '2': 2.0, '6': 1.0, '10': 1.0, '11': 1.0, '12': 2.0, '15': 3.0, '21': 2.0, '23': 1.0, '26': 1.0, '37': 2.0, '38': 1.0, '39': 1.0, '42': 1.0, '45': 4.0, '50': 1.0, '51': 1.0, '54': 1.0, '56': 1.0, '61': 2.0, '66': 2.0, '68': 2.0}, 'passesTotal': {'1': 3.0, '2': 2.0, '6': 1.0, '10': 1.0, '11': 1.0, '12': 2.0, '15': 3.0, '21': 2.0, '38': 1.0, '39': 1.0, '42': 1.0, '45': 4.0, '50': 1.0, '54': 1.0, '61': 2.0, '66': 2.0, '68': 2.0, '23': 1.0, '37': 1.0}, 'passesAccurate': {'1': 3.0, '2': 2.0, '6': 1.0, '10': 1.0, '11': 1.0, '12': 2.0, '15': 2.0, '21': 2.0, '38': 1.0, '39': 1.0, '42': 1.0, '45': 4.0, '50': 1.0, '54': 1.0, '61': 2.0, '66': 2.0, '68': 2.0}, 'passSuccess': {'1': 100.0, '2': 100.0, '6': 100.0, '10': 100.0, '11': 100.0, '12': 100.0, '15': 66.67, '21': 100.0, '38': 100.0, '39': 100.0, '42': 100.0, '45': 100.0, '50': 100.0, '54': 100.0, '61': 100.0, '66': 100.0, '68': 100.0, '23': 0.0, '37': 0.0}, 'aerialsTotal': {'67': 1.0}, 'offensiveAerials': {'67': 1.0}, 'tacklesTotal': {'37': 1.0}, 'tackleSuccessful': {'37': 1.0}, 'tackleSuccess': {'37': 100.0}, 'dribblesAttempted': {'51': 1.0}, 'dribblesLost': {'51': 1.0}}",101374,2,69,,,,167,1729305,R.Lewis,67,19,,,,0,68,68,6.31,0,0,32,29,0
365409,19,Julián Álvarez,FWR,170,71,23,TRUE,FALSE,away,"{'possession': {'3': 1.0, '7': 1.0, '12': 1.0, '15': 3.0, '23': 2.0, '25': 1.0, '36': 1.0, '37': 1.0, '38': 1.0, '55': 1.0, '58': 1.0, '59': 1.0, '65': 1.0, '67': 2.0}, 'ratings': {'0': 6.0, '2': 5.97, '3': 5.97, '7': 5.98, '12': 5.98, '15': 5.95, '23': 5.94, '25': 5.94, '27': 5.91, '31': 5.88, '33': 5.86, '35': 5.96, '36': 5.95, '37': 5.95, '38': 5.94, '39': 5.91, '50': 5.87, '55': 5.86, '58': 5.86, '59': 5.87, '64': 5.85, '65': 5.85, '67': 5.85, '69': 5.9}, 'shotsTotal': {'33': 1.0, '59': 1.0}, 'shotsOffTarget': {'33': 1.0}, 'shotsBlocked': {'59': 1.0}, 'clearances': {'35': 2.0}, 'touches': {'2': 2.0, '3': 1.0, '7': 1.0, '12': 1.0, '15': 4.0, '16': 1.0, '23': 2.0, '25': 1.0, '31': 1.0, '33': 1.0, '35': 2.0, '36': 1.0, '37': 1.0, '38': 1.0, '39': 1.0, '50': 1.0, '55': 1.0, '58': 1.0, '59': 2.0, '64': 1.0, '65': 1.0, '67': 2.0}, 'passesTotal': {'3': 1.0, '7': 1.0, '12': 1.0, '15': 3.0, '23': 2.0, '25': 1.0, '58': 1.0, '59': 1.0, '65': 1.0, '67': 1.0, '36': 1.0, '37': 1.0, '55': 1.0}, 'passesAccurate': {'3': 1.0, '7': 1.0, '12': 1.0, '15': 2.0, '23': 1.0, '25': 1.0, '58': 1.0, '59': 1.0, '65': 1.0, '67': 1.0}, 'passSuccess': {'3': 100.0, '7': 100.0, '12': 100.0, '15': 66.67, '23': 50.0, '25': 100.0, '58': 100.0, '59': 100.0, '65': 100.0, '67': 100.0, '36': 0.0, '37': 0.0, '55': 0.0}, 'aerialsTotal': {'64': 1.0}, 'defensiveAerials': {'64': 1.0}, 'tacklesTotal': {'27': 1.0}, 'tackleUnsuccesful': {'27': 1.0}, 'dribbledPast': {'27': 1.0}, 'dispossessed': {'2': 1.0}}",388098,2,69,,,,167,1729305,J.Álvarez,67,50,,,,0,68,68,6,2,0,16,11,0
315227,9,Erling Haaland,FW,194,88,23,TRUE,FALSE,away,"{'possession': {'3': 1.0, '20': 1.0, '31': 1.0, '33': 1.0, '37': 1.0, '38': 1.0, '39': 1.0, '53': 1.0, '59': 1.0, '64': 1.0, '65': 1.0, '68': 1.0, '82': 1.0, '84': 1.0, '95': 2.0}, 'ratings': {'0': 5.98, '3': 6.25, '8': 6.24, '9': 6.37, '20': 6.38, '31': 6.35, '33': 6.44, '36': 6.4, '37': 6.39, '38': 6.39, '39': 6.39, '53': 6.39, '59': 6.52, '64': 6.52, '65': 6.52, '68': 6.52, '82': 6.53, '84': 6.53, '87': 6.45, '95': 6.43}, 'clearances': {'9': 1.0}, 'touches': {'3': 1.0, '9': 1.0, '20': 1.0, '31': 3.0, '33': 1.0, '36': 1.0, '37': 1.0, '38': 1.0, '39': 1.0, '53': 1.0, '59': 3.0, '64': 1.0, '65': 1.0, '68': 2.0, '82': 1.0, '84': 1.0, '95': 2.0}, 'passesTotal': {'3': 1.0, '20': 1.0, '31': 1.0, '33': 1.0, '38': 1.0, '39': 1.0, '59': 1.0, '65': 1.0, '68': 1.0, '82': 1.0, '84': 1.0, '37': 1.0, '53': 1.0, '64': 1.0, '95': 2.0}, 'passesAccurate': {'3': 1.0, '20': 1.0, '31': 1.0, '33': 1.0, '38': 1.0, '39': 1.0, '59': 1.0, '65': 1.0, '68': 1.0, '82': 1.0, '84': 1.0}, 'passesKey': {'3': 1.0, '33': 1.0}, 'passSuccess': {'3': 100.0, '20': 100.0, '31': 100.0, '33': 100.0, '38': 100.0, '39': 100.0, '59': 100.0, '65': 100.0, '68': 100.0, '82': 100.0, '84': 100.0, '37': 0.0, '53': 0.0, '64': 0.0, '95': 0.0}, 'aerialsTotal': {'3': 1.0, '9': 1.0, '0': 1.0, '8': 1.0, '87': 1.0}, 'aerialsWon': {'3': 1.0, '9': 1.0}, 'aerialSuccess': {'0': 0.0, '8': 0.0, '87': 0.0}, 'offensiveAerials': {'0': 1.0, '3': 1.0, '87': 1.0}, 'defensiveAerials': {'8': 1.0, '9': 1.0}, 'dribblesWon': {'59': 1.0}, 'dribblesAttempted': {'59': 1.0}, 'dribbleSuccess': {'59': 100.0}, 'dispossessed': {'31': 1.0}}",,,,,,,167,1729305,E.Haaland,,,,,,0,90,90,6.53,0,0,16,11,2
331254,47,Phil Foden,FWL,171,70,23,TRUE,FALSE,away,"{'possession': {'2': 2.0, '3': 1.0, '6': 1.0, '9': 1.0, '19': 1.0, '20': 3.0, '21': 2.0, '29': 1.0, '32': 1.0, '38': 1.0, '39': 2.0, '40': 1.0, '41': 1.0, '42': 1.0, '45': 1.0, '47': 1.0, '49': 1.0, '54': 1.0, '56': 1.0, '58': 2.0, '59': 1.0, '61': 1.0, '65': 1.0, '66': 1.0, '68': 1.0, '74': 2.0, '77': 1.0, '92': 1.0}, 'ratings': {'0': 6.0, '2': 6.0, '3': 6.27, '6': 6.26, '9': 6.29, '10': 6.33, '19': 6.34, '20': 6.43, '21': 6.43, '24': 6.46, '29': 6.47, '31': 6.43, '32': 6.43, '35': 6.47, '38': 6.48, '39': 6.48, '40': 6.47, '41': 6.46, '42': 6.46, '45': 6.46, '46': 6.45, '47': 6.45, '49': 6.43, '53': 6.47, '54': 6.48, '56': 6.62, '58': 6.7, '59': 6.78, '61': 6.79, '63': 6.76, '65': 6.76, '66': 6.77, '68': 6.73, '74': 6.74, '77': 6.73, '83': 6.84, '84': 6.83, '87': 6.88, '90': 7.34, '92': 7.35}, 'clearances': {'9': 1.0, '35': 1.0}, 'touches': {'2': 2.0, '3': 1.0, '6': 1.0, '9': 2.0, '10': 1.0, '19': 1.0, '20': 3.0, '21': 2.0, '24': 1.0, '29': 1.0, '31': 1.0, '32': 1.0, '35': 2.0, '38': 1.0, '39': 2.0, '40': 1.0, '41': 1.0, '42': 1.0, '45': 1.0, '47': 2.0, '49': 1.0, '53': 1.0, '54': 1.0, '56': 4.0, '58': 2.0, '59': 1.0, '61': 1.0, '65': 1.0, '66': 1.0, '68': 2.0, '74': 2.0, '77': 1.0, '83': 2.0, '84': 2.0, '87': 1.0, '90': 4.0, '92': 1.0}, 'passesTotal': {'2': 2.0, '19': 1.0, '20': 3.0, '21': 2.0, '29': 1.0, '32': 1.0, '38': 1.0, '39': 2.0, '42': 1.0, '45': 1.0, '47': 1.0, '54': 1.0, '56': 1.0, '58': 2.0, '59': 1.0, '61': 1.0, '65': 1.0, '66': 1.0, '74': 2.0, '92': 1.0, '6': 1.0, '9': 1.0, '41': 1.0, '49': 1.0, '68': 1.0, '77': 1.0}, 'passesAccurate': {'2': 2.0, '19': 1.0, '20': 3.0, '21': 2.0, '29': 1.0, '32': 1.0, '38': 1.0, '39': 2.0, '42': 1.0, '45': 1.0, '47': 1.0, '54': 1.0, '56': 1.0, '58': 1.0, '59': 1.0, '61': 1.0, '65': 1.0, '66': 1.0, '74': 2.0, '92': 1.0}, 'passesKey': {'3': 1.0, '59': 1.0}, 'passSuccess': {'2': 100.0, '19': 100.0, '20': 100.0, '21': 100.0, '29': 100.0, '32': 100.0, '38': 100.0, '39': 100.0, '42': 100.0, '45': 100.0, '47': 100.0, '54': 100.0, '56': 100.0, '58': 50.0, '59': 100.0, '61': 100.0, '65': 100.0, '66': 100.0, '74': 100.0, '92': 100.0, '6': 0.0, '9': 0.0, '41': 0.0, '49': 0.0, '68': 0.0, '77': 0.0}, 'aerialsTotal': {'20': 1.0, '58': 1.0}, 'aerialsWon': {'20': 1.0, '58': 1.0}, 'offensiveAerials': {'58': 1.0}, 'defensiveAerials': {'20': 1.0}, 'cornersAccurate': {'3': 1.0}, 'foulsCommited': {'46': 1.0}, 'tacklesTotal': {'83': 1.0, '87': 1.0, '63': 1.0}, 'tackleSuccessful': {'83': 1.0, '87': 1.0}, 'tackleUnsuccesful': {'63': 1.0}, 'tackleSuccess': {'83': 100.0, '87': 100.0, '63': 0.0}, 'dribbledPast': {'63': 1.0}, 'dribblesWon': {'56': 1.0, '90': 3.0}, 'dribblesAttempted': {'56': 3.0, '90': 3.0, '35': 1.0, '83': 1.0, '84': 1.0}, 'dribblesLost': {'35': 1.0, '56': 2.0, '83': 1.0, '84': 1.0}, 'dribbleSuccess': {'56': 33.33, '90': 100.0, '35': 0.0, '83': 0.0, '84': 0.0}, 'dispossessed': {'31': 1.0, '68': 1.0}}",,,,,,,167,1729305,P.Foden,,,,,,0,90,90,7.35,0,0,33,26,2
388098,11,Jérémy Doku,Sub,173,66,21,,FALSE,away,"{'possession': {'70': 1.0, '74': 1.0, '82': 1.0, '92': 1.0}, 'ratings': {'69': 6.0, '70': 5.98, '73': 5.96, '74': 5.95, '78': 6.38, '80': 6.42, '82': 6.42, '85': 6.49, '87': 6.39, '90': 6.36, '92': 6.38, '94': 6.49}, 'clearances': {'78': 1.0}, 'interceptions': {'78': 1.0, '85': 1.0}, 'touches': {'70': 3.0, '73': 1.0, '74': 1.0, '78': 8.0, '80': 1.0, '82': 1.0, '85': 2.0, '92': 3.0, '94': 2.0}, 'passesTotal': {'82': 1.0, '92': 1.0, '74': 1.0}, 'passesAccurate': {'82': 1.0, '92': 1.0}, 'passSuccess': {'82': 100.0, '92': 100.0, '74': 0.0}, 'cornersTotal': {'74': 1.0}, 'tacklesTotal': {'78': 2.0, '92': 2.0, '94': 1.0, '90': 1.0}, 'tackleSuccessful': {'78': 2.0, '92': 1.0, '94': 1.0}, 'tackleUnsuccesful': {'90': 1.0, '92': 1.0}, 'tackleSuccess': {'78': 100.0, '92': 50.0, '94': 100.0, '90': 0.0}, 'dribbledPast': {'90': 1.0, '92': 1.0}, 'dribblesAttempted': {'70': 1.0, '73': 1.0, '78': 3.0}, 'dribblesLost': {'70': 1.0, '73': 1.0, '78': 3.0}}",,,,2,69,365409,167,1729305,J.Doku,67,50,,,,68,90,22,6.49,0,0,3,2,0
394933,27,Matheus Nunes,Sub,184,78,25,,FALSE,away,"{'possession': {'74': 2.0, '75': 1.0, '77': 1.0, '80': 4.0, '81': 3.0, '82': 4.0, '83': 4.0, '95': 1.0}, 'ratings': {'69': 6.0, '73': 6.13, '74': 6.14, '75': 6.13, '77': 6.14, '80': 6.14, '81': 6.32, '82': 6.3, '83': 6.32, '87': 6.21, '90': 6.32, '95': 6.32}, 'touches': {'73': 1.0, '74': 2.0, '75': 1.0, '77': 1.0, '80': 4.0, '81': 4.0, '82': 5.0, '83': 4.0, '90': 2.0, '95': 1.0}, 'passesTotal': {'74': 2.0, '77': 1.0, '80': 4.0, '81': 3.0, '82': 4.0, '83': 4.0, '95': 1.0}, 'passesAccurate': {'74': 2.0, '77': 1.0, '80': 4.0, '81': 3.0, '82': 4.0, '83': 4.0}, 'passSuccess': {'74': 100.0, '77': 100.0, '80': 100.0, '81': 100.0, '82': 100.0, '83': 100.0, '95': 0.0}, 'tacklesTotal': {'73': 1.0, '90': 1.0}, 'tackleSuccessful': {'73': 1.0, '90': 1.0}, 'tackleSuccess': {'73': 100.0, '90': 100.0}, 'dribblesWon': {'81': 1.0}, 'dribblesAttempted': {'81': 1.0}, 'dribbleSuccess': {'81': 100.0}, 'dispossessed': {'82': 1.0}}",,,,2,69,93894,167,1729305,M.Nunes,67,33,,,,68,90,22,6.32,0,0,19,18,0
101374,5,John Stones,Sub,188,80,29,,FALSE,away,"{'possession': {'70': 1.0, '71': 2.0, '73': 2.0, '80': 1.0, '81': 2.0, '89': 1.0, '92': 2.0}, 'ratings': {'69': 6.0, '70': 6.0, '71': 6.0, '73': 6.0, '80': 6.0, '81': 6.01, '87': 5.91, '89': 5.91, '92': 5.91}, 'touches': {'70': 1.0, '71': 2.0, '73': 2.0, '80': 1.0, '81': 2.0, '89': 1.0, '92': 2.0}, 'passesTotal': {'70': 1.0, '71': 2.0, '73': 2.0, '80': 1.0, '81': 2.0, '89': 1.0, '92': 2.0}, 'passesAccurate': {'70': 1.0, '71': 1.0, '73': 2.0, '80': 1.0, '81': 2.0, '89': 1.0, '92': 2.0}, 'passSuccess': {'70': 100.0, '71': 50.0, '73': 100.0, '80': 100.0, '81': 100.0, '89': 100.0, '92': 100.0}}",,,,2,69,444791,167,1729305,J.Stones,67,19,,,,68,90,22,6.01,0,0,11,10,0
133569,18,Stefan Ortega,Sub,185,88,30,,FALSE,away,{},,,,,,,167,1729305,S.Ortega,,,,,,90,90,0,0,0,0,0,0,0
430709,52,Oscar Bobb,Sub,174,0,20,,FALSE,away,{},,,,,,,167,1729305,O.Bobb,,,,,,90,90,0,0,0,0,0,0,0
355110,21,Sergio Gómez,Sub,171,68,23,,FALSE,away,{},,,,,,,167,1729305,S.Gómez,,,,,,90,90,0,0,0,0,0,0,0
297390,25,Manuel Akanji,Sub,186,91,28,,FALSE,away,{},,,,,,,167,1729305,M.Akanji,,,,,,90,90,0,0,0,0,0,0,0
113069,10,Jack Grealish,Sub,175,76,28,,FALSE,away,{},,,,,,,167,1729305,J.Grealish,,,,,,90,90,0,0,0,0,0,0,0
270446,4,Kalvin Phillips,Sub,178,72,27,,FALSE,away,{},,,,,,,167,1729305,K.Phillips,,,,,,90,90,0,0,0,0,0,0,0
